-- MySQL dump 10.13  Distrib 8.0.36, for Linux (x86_64)
--
-- Host: 127.0.0.1    Database: estagiario_homol
-- ------------------------------------------------------
-- Server version	8.0.33-u5-cloud

/*!40101 SET @OLD_CHARACTER_SET_CLIENT=@@CHARACTER_SET_CLIENT */;
/*!40101 SET @OLD_CHARACTER_SET_RESULTS=@@CHARACTER_SET_RESULTS */;
/*!40101 SET @OLD_COLLATION_CONNECTION=@@COLLATION_CONNECTION */;
/*!50503 SET NAMES utf8mb4 */;
/*!40103 SET @OLD_TIME_ZONE=@@TIME_ZONE */;
/*!40103 SET TIME_ZONE='+00:00' */;
/*!40014 SET @OLD_UNIQUE_CHECKS=@@UNIQUE_CHECKS, UNIQUE_CHECKS=0 */;
/*!40014 SET @OLD_FOREIGN_KEY_CHECKS=@@FOREIGN_KEY_CHECKS, FOREIGN_KEY_CHECKS=0 */;
/*!40101 SET @OLD_SQL_MODE=@@SQL_MODE, SQL_MODE='NO_AUTO_VALUE_ON_ZERO' */;
/*!40111 SET @OLD_SQL_NOTES=@@SQL_NOTES, SQL_NOTES=0 */;
SET @MYSQLDUMP_TEMP_LOG_BIN = @@SESSION.SQL_LOG_BIN;
SET @@SESSION.SQL_LOG_BIN= 0;

--
-- GTID state at the beginning of the backup 
--

SET @@GLOBAL.GTID_PURGED=/*!80000 '+'*/ 'e5229fec-21b0-11ee-b184-02001700155b:1-20218';

--
-- Temporary view structure for view `Qtde_cursoJFBrasil`
--

DROP TABLE IF EXISTS `Qtde_cursoJFBrasil`;
/*!50001 DROP VIEW IF EXISTS `Qtde_cursoJFBrasil`*/;
SET @saved_cs_client     = @@character_set_client;
/*!50503 SET character_set_client = utf8mb4 */;
/*!50001 CREATE VIEW `Qtde_cursoJFBrasil` AS SELECT 
 1 AS `Brasil`,
 1 AS `soma_cursos`*/;
SET character_set_client = @saved_cs_client;

--
-- Temporary view structure for view `Qtde_cursoJFPorCidade`
--

DROP TABLE IF EXISTS `Qtde_cursoJFPorCidade`;
/*!50001 DROP VIEW IF EXISTS `Qtde_cursoJFPorCidade`*/;
SET @saved_cs_client     = @@character_set_client;
/*!50503 SET character_set_client = utf8mb4 */;
/*!50001 CREATE VIEW `Qtde_cursoJFPorCidade` AS SELECT 
 1 AS `cidade`,
 1 AS `numero_de_cursos`*/;
SET character_set_client = @saved_cs_client;

--
-- Table structure for table `aluno`
--

DROP TABLE IF EXISTS `aluno`;
/*!40101 SET @saved_cs_client     = @@character_set_client */;
/*!50503 SET character_set_client = utf8mb4 */;
CREATE TABLE `aluno` (
  `id` int NOT NULL AUTO_INCREMENT,
  `nome_aluno` varchar(30) NOT NULL,
  `dt_nascimento` date NOT NULL,
  `sexo` varchar(1) NOT NULL,
  `num_matricula` varchar(30) NOT NULL,
  `id_telefone` int DEFAULT NULL,
  `id_email` int DEFAULT NULL,
  `created_at` datetime DEFAULT NULL,
  PRIMARY KEY (`id`),
  KEY `fk_id_telefone` (`id_telefone`),
  KEY `fk_id_email` (`id_email`),
  CONSTRAINT `fk_id_email` FOREIGN KEY (`id_email`) REFERENCES `email` (`id`),
  CONSTRAINT `fk_id_telefone` FOREIGN KEY (`id_telefone`) REFERENCES `telefone` (`id`)
) ENGINE=InnoDB AUTO_INCREMENT=33 DEFAULT CHARSET=utf8mb4 COLLATE=utf8mb4_0900_ai_ci;
/*!40101 SET character_set_client = @saved_cs_client */;

--
-- Dumping data for table `aluno`
--

LOCK TABLES `aluno` WRITE;
/*!40000 ALTER TABLE `aluno` DISABLE KEYS */;
INSERT INTO `aluno` VALUES (1,'Batman (update)','1972-02-19','M','',NULL,NULL,NULL),(3,'Pernalonga (update)','1940-07-27','M','',NULL,NULL,NULL),(4,'Vitor Hugo Leiro do Galo','1983-01-21','M','',NULL,NULL,NULL),(5,'Zelda','1986-02-21','F','',NULL,NULL,NULL),(6,'Gwen Tennyson','2005-02-22','F','',NULL,NULL,NULL),(7,'Raven','2003-02-21','F','',NULL,NULL,NULL),(8,'She-Ra','1985-02-20','F','',NULL,NULL,NULL),(9,'April ONeil','1984-02-19','F','',NULL,NULL,NULL),(10,'Kim Possible','2002-02-18','F','',NULL,NULL,NULL),(11,'Mulan','1998-02-17','F','',NULL,NULL,NULL),(12,'Ariel','2013-02-16','F','',NULL,NULL,NULL),(13,'Lilo','2002-02-15','F','',NULL,NULL,NULL),(14,'Lola Bunny','1996-02-14','F','',NULL,NULL,NULL),(15,'Coragem (O Cão Covarde)','2002-02-13','M','',NULL,NULL,NULL),(16,'Morty','2013-02-12','M','',NULL,NULL,NULL),(17,'Naruto','1997-02-11','M','',NULL,NULL,NULL),(18,'Lion-O','1985-02-10','M','',NULL,NULL,NULL),(19,'Goku','1984-02-09','M','',NULL,NULL,NULL),(20,'Pantera Cor-de-Rosa','1963-02-08','M','',NULL,NULL,NULL),(21,'Eric Cartman','1997-02-07','M','',NULL,NULL,NULL),(22,'Pica-Pau','1940-02-06','M','',NULL,NULL,NULL),(23,'Patolino','1937-02-05','M','',NULL,NULL,NULL),(24,'Scooby-Doo','1969-02-04','M','',NULL,NULL,NULL),(25,'Pato Donald','1934-02-03','M','',NULL,NULL,NULL),(26,'Bob Esponja','1999-02-01','M','',NULL,NULL,NULL),(27,'Homer Simpson','1989-02-02','M','',NULL,NULL,NULL),(32,'Jim Hawkins','2002-05-02','M','72200715',2,4,'2024-05-20 14:22:11');
/*!40000 ALTER TABLE `aluno` ENABLE KEYS */;
UNLOCK TABLES;
/*!50003 SET @saved_cs_client      = @@character_set_client */ ;
/*!50003 SET @saved_cs_results     = @@character_set_results */ ;
/*!50003 SET @saved_col_connection = @@collation_connection */ ;
/*!50003 SET character_set_client  = utf8mb4 */ ;
/*!50003 SET character_set_results = utf8mb4 */ ;
/*!50003 SET collation_connection  = utf8mb4_0900_ai_ci */ ;
/*!50003 SET @saved_sql_mode       = @@sql_mode */ ;
/*!50003 SET sql_mode              = 'ONLY_FULL_GROUP_BY,STRICT_TRANS_TABLES,NO_ZERO_IN_DATE,NO_ZERO_DATE,ERROR_FOR_DIVISION_BY_ZERO,NO_ENGINE_SUBSTITUTION' */ ;
DELIMITER ;;
/*!50003 CREATE*/ /*!50017 DEFINER=`estagiario`@`%`*/ /*!50003 TRIGGER `after_pessoa_insert` BEFORE INSERT ON `aluno` FOR EACH ROW BEGIN
	SET NEW.created_at = NOW();
END */;;
DELIMITER ;
/*!50003 SET sql_mode              = @saved_sql_mode */ ;
/*!50003 SET character_set_client  = @saved_cs_client */ ;
/*!50003 SET character_set_results = @saved_cs_results */ ;
/*!50003 SET collation_connection  = @saved_col_connection */ ;

--
-- Temporary view structure for view `aluno2000`
--

DROP TABLE IF EXISTS `aluno2000`;
/*!50001 DROP VIEW IF EXISTS `aluno2000`*/;
SET @saved_cs_client     = @@character_set_client;
/*!50503 SET character_set_client = utf8mb4 */;
/*!50001 CREATE VIEW `aluno2000` AS SELECT 
 1 AS `nome_aluno`,
 1 AS `dt_nascimento`*/;
SET character_set_client = @saved_cs_client;

--
-- Temporary view structure for view `alunos_cursando`
--

DROP TABLE IF EXISTS `alunos_cursando`;
/*!50001 DROP VIEW IF EXISTS `alunos_cursando`*/;
SET @saved_cs_client     = @@character_set_client;
/*!50503 SET character_set_client = utf8mb4 */;
/*!50001 CREATE VIEW `alunos_cursando` AS SELECT 
 1 AS `nome_curso`,
 1 AS `total_de_alunos`*/;
SET character_set_client = @saved_cs_client;

--
-- Temporary view structure for view `alunos_menosDe50anos`
--

DROP TABLE IF EXISTS `alunos_menosDe50anos`;
/*!50001 DROP VIEW IF EXISTS `alunos_menosDe50anos`*/;
SET @saved_cs_client     = @@character_set_client;
/*!50503 SET character_set_client = utf8mb4 */;
/*!50001 CREATE VIEW `alunos_menosDe50anos` AS SELECT 
 1 AS `nome_aluno`,
 1 AS `idade_atual`*/;
SET character_set_client = @saved_cs_client;

--
-- Temporary view structure for view `alunos_sda`
--

DROP TABLE IF EXISTS `alunos_sda`;
/*!50001 DROP VIEW IF EXISTS `alunos_sda`*/;
SET @saved_cs_client     = @@character_set_client;
/*!50503 SET character_set_client = utf8mb4 */;
/*!50001 CREATE VIEW `alunos_sda` AS SELECT 
 1 AS `nome_aluno`,
 1 AS `nome_campus`,
 1 AS `nome_curso`,
 1 AS `nome_disciplina`,
 1 AS `id`,
 1 AS `nome_professor`*/;
SET character_set_client = @saved_cs_client;

--
-- Table structure for table `campus`
--

DROP TABLE IF EXISTS `campus`;
/*!40101 SET @saved_cs_client     = @@character_set_client */;
/*!50503 SET character_set_client = utf8mb4 */;
CREATE TABLE `campus` (
  `id` int NOT NULL AUTO_INCREMENT,
  `id_tipo_campus` int DEFAULT NULL,
  `cidade` varchar(30) NOT NULL,
  `id_faculdade` int DEFAULT NULL,
  `id_curso` int DEFAULT NULL,
  PRIMARY KEY (`id`),
  KEY `id_faculdade` (`id_faculdade`),
  KEY `id_curso` (`id_curso`),
  KEY `fk_id_tipo_campus` (`id_tipo_campus`),
  CONSTRAINT `campus_ibfk_1` FOREIGN KEY (`id_faculdade`) REFERENCES `faculdade` (`id`),
  CONSTRAINT `campus_ibfk_3` FOREIGN KEY (`id_curso`) REFERENCES `curso` (`id`),
  CONSTRAINT `fk_id_tipo_campus` FOREIGN KEY (`id_tipo_campus`) REFERENCES `tipo_campus` (`id`)
) ENGINE=InnoDB AUTO_INCREMENT=474 DEFAULT CHARSET=utf8mb4 COLLATE=utf8mb4_0900_ai_ci;
/*!40101 SET character_set_client = @saved_cs_client */;

--
-- Dumping data for table `campus`
--

LOCK TABLES `campus` WRITE;
/*!40000 ALTER TABLE `campus` DISABLE KEYS */;
INSERT INTO `campus` VALUES (1,1,'São Paulo, SP',433,1),(2,1,'São Paulo, SP',434,1),(3,1,'São Paulo, SP',435,1),(4,1,'São Paulo, SP',436,1),(5,1,'São Paulo, SP',437,1),(6,1,'São Paulo, SP',438,1),(7,1,'São Paulo, SP',439,1),(8,1,'São Paulo, SP',440,1),(9,1,'São Paulo, SP',441,1),(10,1,'São Paulo, SP',442,1),(11,1,'São Paulo, SP',443,1),(12,1,'São Paulo, SP',444,1),(13,1,'São Paulo, SP',445,1),(14,1,'São Paulo, SP',446,1),(15,1,'São Paulo, SP',447,1),(16,1,'São Paulo, SP',448,1),(17,1,'São Paulo, SP',449,1),(18,1,'São Paulo, SP',450,1),(19,1,'São Paulo, SP',451,1),(20,1,'São Paulo, SP',452,1),(21,1,'São Paulo, SP',453,1),(22,1,'São Paulo, SP',454,1),(23,1,'São Paulo, SP',455,1),(24,1,'São Paulo, SP',456,2),(25,1,'São Paulo, SP',457,2),(26,1,'São Paulo, SP',458,2),(27,1,'São Paulo, SP',459,2),(28,1,'São Paulo, SP',460,2),(29,2,'São Paulo, SP',461,2),(30,2,'São Paulo, SP',462,2),(31,2,'São Paulo, SP',463,2),(32,2,'São Paulo, SP',464,2),(33,2,'São Paulo, SP',465,2),(34,2,'São Paulo, SP',466,2),(35,2,'São Paulo, SP',467,2),(36,2,'São Paulo, SP',468,2),(37,2,'São Paulo, SP',469,2),(38,2,'São Paulo, SP',470,2),(39,2,'São Paulo, SP',471,2),(40,2,'São Paulo, SP',472,2),(41,2,'São Paulo, SP',473,2),(42,2,'São Paulo, SP',474,2),(43,2,'São Paulo, SP',475,2),(44,2,'São Paulo, SP',476,2),(45,2,'São Paulo, SP',477,2),(46,2,'São Paulo, SP',478,2),(47,2,'São Paulo, SP',479,4),(48,2,'São Paulo, SP',480,4),(49,2,'São Paulo, SP',481,4),(50,2,'São Paulo, SP',482,4),(51,2,'São Paulo, SP',483,4),(52,2,'São Paulo, SP',484,4),(53,2,'São Paulo, SP',485,4),(54,2,'São Paulo, SP',486,4),(55,2,'São Paulo, SP',487,4),(56,2,'São Paulo, SP',488,4),(57,3,'São Paulo, SP',489,4),(58,3,'São Paulo, SP',490,4),(59,3,'São Paulo, SP',491,4),(60,3,'São Paulo, SP',492,4),(61,3,'São Paulo, SP',493,4),(62,3,'São Paulo, SP',494,4),(63,3,'São Paulo, SP',495,4),(64,3,'São Paulo, SP',496,4),(65,3,'São Paulo, SP',497,4),(66,3,'São Paulo, SP',498,4),(67,3,'São Paulo, SP',499,4),(68,3,'São Paulo, SP',500,4),(69,3,'São Paulo, SP',501,4),(70,3,'São Paulo, SP',502,5),(71,3,'São Paulo, SP',503,5),(72,3,'São Paulo, SP',504,5),(73,3,'São Paulo, SP',505,5),(74,3,'São Paulo, SP',506,5),(75,3,'São Paulo, SP',507,5),(76,3,'São Paulo, SP',508,5),(77,3,'São Paulo, SP',509,5),(78,3,'São Paulo, SP',510,5),(79,3,'São Paulo, SP',511,5),(80,3,'São Paulo, SP',512,5),(81,3,'São Paulo, SP',513,5),(82,3,'São Paulo, SP',514,5),(83,3,'São Paulo, SP',515,5),(84,3,'São Paulo, SP',516,5),(85,4,'São Paulo, SP',517,5),(86,4,'São Paulo, SP',518,5),(87,4,'São Paulo, SP',519,5),(88,4,'São Paulo, SP',520,5),(89,4,'São Paulo, SP',521,5),(90,4,'São Paulo, SP',523,5),(91,4,'São Paulo, SP',524,5),(92,4,'São Paulo, SP',525,5),(93,4,'São Paulo, SP',526,6),(94,4,'São Paulo, SP',527,6),(95,4,'São Paulo, SP',528,6),(96,4,'São Paulo, SP',529,6),(97,4,'São Paulo, SP',530,6),(98,4,'São Paulo, SP',531,6),(99,4,'São Paulo, SP',532,6),(100,4,'São Paulo, SP',533,6),(101,4,'São Paulo, SP',534,6),(102,4,'São Paulo, SP',535,6),(103,4,'São Paulo, SP',536,6),(104,4,'São Paulo, SP',537,6),(105,4,'São Paulo, SP',538,6),(106,4,'São Paulo, SP',539,6),(107,4,'São Paulo, SP',540,6),(108,4,'São Paulo, SP',541,6),(109,4,'São Paulo, SP',542,6),(110,4,'São Paulo, SP',543,6),(111,4,'São Paulo, SP',544,6),(112,4,'São Paulo, SP',545,6),(113,4,'São Paulo, SP',546,6),(114,4,'São Paulo, SP',547,6),(115,1,'Rio de Janeiro, RJ ',292,1),(116,1,'Rio de Janeiro, RJ ',293,1),(117,1,'Rio de Janeiro, RJ ',294,1),(118,1,'Rio de Janeiro, RJ ',295,1),(119,1,'Rio de Janeiro, RJ ',296,1),(120,1,'Rio de Janeiro, RJ ',297,1),(121,1,'Rio de Janeiro, RJ ',298,1),(122,1,'Rio de Janeiro, RJ ',299,1),(123,1,'Rio de Janeiro, RJ ',300,1),(124,1,'Rio de Janeiro, RJ ',301,1),(125,1,'Rio de Janeiro, RJ ',302,1),(126,1,'Rio de Janeiro, RJ ',303,2),(127,1,'Rio de Janeiro, RJ ',304,2),(128,1,'Rio de Janeiro, RJ ',305,2),(129,2,'Rio de Janeiro, RJ ',306,2),(130,2,'Rio de Janeiro, RJ ',307,2),(131,2,'Rio de Janeiro, RJ ',308,2),(132,2,'Rio de Janeiro, RJ ',309,2),(133,2,'Rio de Janeiro, RJ ',310,2),(134,2,'Rio de Janeiro, RJ ',311,2),(135,2,'Rio de Janeiro, RJ ',312,2),(136,2,'Rio de Janeiro, RJ ',313,2),(137,2,'Rio de Janeiro, RJ ',314,4),(138,2,'Rio de Janeiro, RJ ',315,4),(139,2,'Rio de Janeiro, RJ ',316,4),(140,2,'Rio de Janeiro, RJ ',317,4),(141,2,'Rio de Janeiro, RJ ',318,4),(142,2,'Rio de Janeiro, RJ ',319,4),(143,3,'Rio de Janeiro, RJ ',320,4),(144,3,'Rio de Janeiro, RJ ',321,4),(145,3,'Rio de Janeiro, RJ ',322,4),(146,3,'Rio de Janeiro, RJ ',323,4),(147,3,'Rio de Janeiro, RJ ',324,4),(148,3,'Rio de Janeiro, RJ ',325,5),(149,3,'Rio de Janeiro, RJ ',326,5),(150,3,'Rio de Janeiro, RJ ',327,5),(151,3,'Rio de Janeiro, RJ ',328,5),(152,3,'Rio de Janeiro, RJ ',329,5),(153,3,'Rio de Janeiro, RJ ',330,5),(154,3,'Rio de Janeiro, RJ ',331,5),(155,3,'Rio de Janeiro, RJ ',332,5),(156,3,'Rio de Janeiro, RJ ',333,5),(157,4,'Rio de Janeiro, RJ ',334,5),(158,4,'Rio de Janeiro, RJ ',335,5),(159,4,'Rio de Janeiro, RJ ',336,6),(160,4,'Rio de Janeiro, RJ ',337,6),(161,4,'Rio de Janeiro, RJ ',338,6),(162,4,'Rio de Janeiro, RJ ',339,6),(163,4,'Rio de Janeiro, RJ ',340,6),(164,4,'Rio de Janeiro, RJ ',341,6),(165,4,'Rio de Janeiro, RJ ',342,6),(166,4,'Rio de Janeiro, RJ ',343,6),(167,4,'Rio de Janeiro, RJ ',344,6),(168,4,'Rio de Janeiro, RJ ',345,6),(169,4,'Rio de Janeiro, RJ ',346,6),(170,1,'Belo Horizonte, MG',1,1),(171,1,'Belo Horizonte, MG',2,1),(172,1,'Belo Horizonte, MG',3,1),(173,1,'Belo Horizonte, MG',4,1),(174,1,'Belo Horizonte, MG',5,1),(175,1,'Belo Horizonte, MG',6,1),(176,1,'Belo Horizonte, MG',7,1),(177,1,'Belo Horizonte, MG',8,1),(178,1,'Belo Horizonte, MG',9,1),(179,1,'Belo Horizonte, MG',10,1),(180,1,'Belo Horizonte, MG',11,2),(181,1,'Belo Horizonte, MG',12,2),(182,2,'Belo Horizonte, MG',13,2),(183,2,'Belo Horizonte, MG',14,2),(184,2,'Belo Horizonte, MG',15,2),(185,2,'Belo Horizonte, MG',16,2),(186,2,'Belo Horizonte, MG',17,2),(187,2,'Belo Horizonte, MG',18,2),(188,2,'Belo Horizonte, MG',19,2),(189,2,'Belo Horizonte, MG',20,2),(190,2,'Belo Horizonte, MG',21,4),(191,2,'Belo Horizonte, MG',22,4),(192,2,'Belo Horizonte, MG',23,4),(193,2,'Belo Horizonte, MG',24,4),(194,3,'Belo Horizonte, MG',25,4),(195,3,'Belo Horizonte, MG',26,4),(196,3,'Belo Horizonte, MG',27,4),(197,3,'Belo Horizonte, MG',28,4),(198,3,'Belo Horizonte, MG',29,4),(199,3,'Belo Horizonte, MG',30,4),(200,3,'Belo Horizonte, MG',31,5),(201,3,'Belo Horizonte, MG',32,5),(202,3,'Belo Horizonte, MG',33,5),(203,3,'Belo Horizonte, MG',34,5),(204,3,'Belo Horizonte, MG',35,5),(205,3,'Belo Horizonte, MG',36,5),(206,4,'Belo Horizonte, MG',37,5),(207,4,'Belo Horizonte, MG',38,5),(208,4,'Belo Horizonte, MG',39,5),(209,4,'Belo Horizonte, MG',40,5),(210,4,'Belo Horizonte, MG',41,6),(211,4,'Belo Horizonte, MG',42,6),(212,4,'Belo Horizonte, MG',43,6),(213,4,'Belo Horizonte, MG',44,6),(214,4,'Belo Horizonte, MG',45,6),(215,4,'Belo Horizonte, MG',46,6),(216,4,'Belo Horizonte, MG',47,6),(217,4,'Belo Horizonte, MG',48,6),(218,1,'Porto Alegre, RS ',357,1),(219,1,'Porto Alegre, RS ',358,1),(220,1,'Porto Alegre, RS ',359,1),(221,1,'Porto Alegre, RS ',360,1),(222,1,'Porto Alegre, RS ',361,1),(223,1,'Porto Alegre, RS ',362,1),(224,1,'Porto Alegre, RS ',363,1),(225,1,'Porto Alegre, RS ',364,1),(226,1,'Porto Alegre, RS ',365,2),(227,1,'Porto Alegre, RS ',366,2),(228,2,'Porto Alegre, RS ',367,2),(229,2,'Porto Alegre, RS ',368,2),(230,2,'Porto Alegre, RS ',369,2),(231,2,'Porto Alegre, RS ',370,2),(232,2,'Porto Alegre, RS ',371,2),(233,2,'Porto Alegre, RS ',372,2),(234,2,'Porto Alegre, RS ',373,4),(235,2,'Porto Alegre, RS ',374,4),(236,2,'Porto Alegre, RS ',375,4),(237,2,'Porto Alegre, RS ',376,4),(238,3,'Porto Alegre, RS ',377,4),(239,3,'Porto Alegre, RS ',378,4),(240,3,'Porto Alegre, RS ',379,4),(241,3,'Porto Alegre, RS ',380,4),(242,3,'Porto Alegre, RS ',381,5),(243,3,'Porto Alegre, RS ',382,5),(244,3,'Porto Alegre, RS ',383,5),(245,3,'Porto Alegre, RS ',384,5),(246,3,'Porto Alegre, RS ',385,5),(247,3,'Porto Alegre, RS ',386,5),(248,4,'Porto Alegre, RS ',387,5),(249,4,'Porto Alegre, RS ',388,5),(250,4,'Porto Alegre, RS ',389,6),(251,4,'Porto Alegre, RS ',390,6),(252,4,'Porto Alegre, RS ',391,6),(253,4,'Porto Alegre, RS ',392,6),(254,4,'Porto Alegre, RS ',393,6),(255,4,'Porto Alegre, RS ',394,6),(256,4,'Porto Alegre, RS ',395,6),(257,4,'Porto Alegre, RS ',396,6),(258,4,'Porto Alegre, RS ',397,6),(259,1,'Brasília, DF',157,1),(260,1,'Brasília, DF',158,1),(261,1,'Brasília, DF',159,1),(262,1,'Brasília, DF',160,1),(263,1,'Brasília, DF',161,1),(264,1,'Brasília, DF',162,1),(265,2,'Brasília, DF',163,2),(266,2,'Brasília, DF',164,2),(267,2,'Brasília, DF',165,2),(268,2,'Brasília, DF',166,2),(269,2,'Brasília, DF',167,2),(270,2,'Brasília, DF',168,2),(271,3,'Brasília, DF',169,4),(272,3,'Brasília, DF',170,4),(273,3,'Brasília, DF',171,4),(274,3,'Brasília, DF',172,4),(275,3,'Brasília, DF',173,4),(276,3,'Brasília, DF',174,4),(277,4,'Brasília, DF',175,5),(278,4,'Brasília, DF',176,5),(279,4,'Brasília, DF',177,5),(280,4,'Brasília, DF',178,5),(281,4,'Brasília, DF',179,5),(282,4,'Brasília, DF',180,5),(283,4,'Brasília, DF',181,5),(284,1,'Curitiba, PR',245,1),(285,1,'Curitiba, PR',246,1),(286,1,'Curitiba, PR',247,1),(287,1,'Curitiba, PR',248,1),(288,1,'Curitiba, PR',249,1),(289,1,'Curitiba, PR',250,1),(290,1,'Curitiba, PR',251,1),(291,1,'Curitiba, PR',252,1),(292,1,'Curitiba, PR',253,2),(293,2,'Curitiba, PR',254,2),(294,2,'Curitiba, PR',255,2),(295,2,'Curitiba, PR',256,2),(296,2,'Curitiba, PR',257,2),(297,2,'Curitiba, PR',258,2),(298,2,'Curitiba, PR',259,2),(299,2,'Curitiba, PR',260,2),(300,2,'Curitiba, PR',261,4),(301,2,'Curitiba, PR',262,4),(302,2,'Curitiba, PR',263,4),(303,3,'Curitiba, PR',264,4),(304,3,'Curitiba, PR',265,4),(305,3,'Curitiba, PR',266,4),(306,3,'Curitiba, PR',267,4),(307,3,'Curitiba, PR',268,4),(308,3,'Curitiba, PR',269,5),(309,3,'Curitiba, PR',270,5),(310,3,'Curitiba, PR',271,5),(311,3,'Curitiba, PR',272,5),(312,3,'Curitiba, PR',273,5),(313,4,'Curitiba, PR',274,5),(314,4,'Curitiba, PR',275,5),(315,4,'Curitiba, PR',276,5),(316,4,'Curitiba, PR',277,6),(317,4,'Curitiba, PR',278,6),(318,4,'Curitiba, PR',279,6),(319,4,'Curitiba, PR',280,6),(320,4,'Curitiba, PR',281,6),(321,4,'Curitiba, PR',282,6),(322,4,'Curitiba, PR',283,6),(323,4,'Curitiba, PR',284,6),(324,4,'Curitiba, PR',285,6),(325,1,'Fortaleza, CE',140,1),(326,1,'Fortaleza, CE',141,1),(327,1,'Fortaleza, CE',142,1),(328,1,'Fortaleza, CE',143,2),(329,2,'Fortaleza, CE',144,2),(330,2,'Fortaleza, CE',145,2),(331,2,'Fortaleza, CE',146,4),(332,2,'Fortaleza, CE',147,4),(333,3,'Fortaleza, CE',148,4),(334,3,'Fortaleza, CE',149,4),(335,3,'Fortaleza, CE',150,5),(336,3,'Fortaleza, CE',151,5),(337,4,'Fortaleza, CE',152,5),(338,4,'Fortaleza, CE',153,6),(339,4,'Fortaleza, CE',154,6),(340,4,'Fortaleza, CE',155,6),(341,4,'Fortaleza, CE',156,6),(342,1,'Salvador, BA',75,1),(343,1,'Salvador, BA',76,1),(344,1,'Salvador, BA',77,1),(345,1,'Salvador, BA',78,1),(346,1,'Salvador, BA',79,1),(347,1,'Salvador, BA',80,1),(348,1,'Salvador, BA',81,1),(349,1,'Salvador, BA',82,1),(350,1,'Salvador, BA',83,1),(351,1,'Salvador, BA',84,1),(352,1,'Salvador, BA',85,1),(353,1,'Salvador, BA',86,1),(354,1,'Salvador, BA',87,1),(355,1,'Salvador, BA',88,2),(356,1,'Salvador, BA',89,2),(357,1,'Salvador, BA',90,2),(358,2,'Salvador, BA',91,2),(359,2,'Salvador, BA',92,2),(360,2,'Salvador, BA',93,2),(361,2,'Salvador, BA',94,2),(362,2,'Salvador, BA',95,2),(363,2,'Salvador, BA',96,2),(364,2,'Salvador, BA',97,2),(365,2,'Salvador, BA',98,2),(366,2,'Salvador, BA',99,2),(367,2,'Salvador, BA',100,2),(368,2,'Salvador, BA',101,4),(369,2,'Salvador, BA',102,4),(370,2,'Salvador, BA',103,4),(371,2,'Salvador, BA',104,4),(372,2,'Salvador, BA',105,4),(373,2,'Salvador, BA',106,4),(374,3,'Salvador, BA',107,4),(375,3,'Salvador, BA',108,4),(376,3,'Salvador, BA',109,4),(377,3,'Salvador, BA',110,4),(378,3,'Salvador, BA',111,4),(379,3,'Salvador, BA',112,4),(380,3,'Salvador, BA',113,4),(381,3,'Salvador, BA',114,5),(382,3,'Salvador, BA',115,5),(383,3,'Salvador, BA',116,5),(384,3,'Salvador, BA',117,5),(385,3,'Salvador, BA',118,5),(386,3,'Salvador, BA',119,5),(387,3,'Salvador, BA',120,5),(388,3,'Salvador, BA',121,5),(389,3,'Salvador, BA',122,5),(390,4,'Salvador, BA',123,5),(391,4,'Salvador, BA',124,5),(392,4,'Salvador, BA',125,5),(393,4,'Salvador, BA',126,5),(394,4,'Salvador, BA',127,6),(395,4,'Salvador, BA',128,6),(396,4,'Salvador, BA',129,6),(397,4,'Salvador, BA',130,6),(398,4,'Salvador, BA',131,6),(399,4,'Salvador, BA',132,6),(400,4,'Salvador, BA',133,6),(401,4,'Salvador, BA',134,6),(402,4,'Salvador, BA',135,6),(403,4,'Salvador, BA',136,6),(404,4,'Salvador, BA',137,6),(405,4,'Salvador, BA',138,6),(406,4,'Salvador, BA',139,6),(407,1,'São Luís, MA',196,1),(408,1,'São Luís, MA',197,2),(409,2,'São Luís, MA',198,2),(410,2,'São Luís, MA',199,4),(411,3,'São Luís, MA',200,5),(412,3,'São Luís, MA',201,5),(413,4,'São Luís, MA',202,6),(414,1,'Goiânia, GO',182,1),(415,1,'Goiânia, GO',183,1),(416,1,'Goiânia, GO',184,2),(417,1,'Goiânia, GO',185,2),(418,2,'Goiânia, GO',186,2),(419,2,'Goiânia, GO',187,4),(420,2,'Goiânia, GO',188,4),(421,3,'Goiânia, GO',189,4),(422,3,'Goiânia, GO',190,4),(423,3,'Goiânia, GO',191,5),(424,3,'Goiânia, GO',192,5),(425,4,'Goiânia, GO',193,5),(426,4,'Goiânia, GO',194,6),(427,4,'Goiânia, GO',195,6),(428,1,'Manaus, AM',66,1),(429,2,'Manaus, AM',67,1),(430,2,'Manaus, AM',68,1),(431,2,'Manaus, AM',69,2),(432,2,'Manaus, AM',70,2),(433,3,'Manaus, AM',71,4),(434,3,'Manaus, AM',72,4),(435,4,'Manaus, AM',73,5),(436,4,'Manaus, AM',74,6),(437,1,'João Pessoa, PB',233,1),(438,1,'João Pessoa, PB',234,1),(439,1,'João Pessoa, PB',235,1),(440,2,'João Pessoa, PB',236,2),(441,2,'João Pessoa, PB',237,4),(442,2,'João Pessoa, PB',238,4),(443,3,'João Pessoa, PB',239,4),(444,3,'João Pessoa, PB',240,4),(445,4,'João Pessoa, PB',241,6),(446,4,'João Pessoa, PB',242,6),(447,4,'João Pessoa, PB',243,6),(448,4,'João Pessoa, PB',244,6),(449,1,'Florianópolis, SC',408,1),(450,1,'Florianópolis, SC',409,1),(451,1,'Florianópolis, SC',410,1),(452,2,'Florianópolis, SC',411,1),(453,2,'Florianópolis, SC',412,1),(454,2,'Florianópolis, SC',413,1),(455,2,'Florianópolis, SC',414,2),(456,2,'Florianópolis, SC',415,2),(457,2,'Florianópolis, SC',416,2),(458,2,'Florianópolis, SC',417,2),(459,2,'Florianópolis, SC',418,2),(460,2,'Florianópolis, SC',419,2),(461,2,'Florianópolis, SC',420,2),(462,2,'Florianópolis, SC',421,4),(463,4,'Florianópolis, SC',422,4),(464,4,'Florianópolis, SC',423,4),(465,4,'Florianópolis, SC',424,4),(466,4,'Florianópolis, SC',425,4),(467,4,'Florianópolis, SC',426,4),(468,4,'Florianópolis, SC',427,4),(469,4,'Florianópolis, SC',428,6),(470,4,'Florianópolis, SC',428,6),(471,4,'Florianópolis, SC',430,6),(472,4,'Florianópolis, SC',431,6),(473,4,'Florianópolis, SC',432,6);
/*!40000 ALTER TABLE `campus` ENABLE KEYS */;
UNLOCK TABLES;

--
-- Table structure for table `cargo`
--

DROP TABLE IF EXISTS `cargo`;
/*!40101 SET @saved_cs_client     = @@character_set_client */;
/*!50503 SET character_set_client = utf8mb4 */;
CREATE TABLE `cargo` (
  `id` int NOT NULL AUTO_INCREMENT,
  `nome_cargo` varchar(30) NOT NULL,
  PRIMARY KEY (`id`)
) ENGINE=InnoDB AUTO_INCREMENT=11 DEFAULT CHARSET=utf8mb4 COLLATE=utf8mb4_0900_ai_ci;
/*!40101 SET character_set_client = @saved_cs_client */;

--
-- Dumping data for table `cargo`
--

LOCK TABLES `cargo` WRITE;
/*!40000 ALTER TABLE `cargo` DISABLE KEYS */;
INSERT INTO `cargo` VALUES (1,'diretor'),(2,'serviços gerais'),(3,'professor'),(4,'segurança'),(5,'monitor'),(6,'Estagiário'),(7,'Serviços gerais'),(8,'Segurança'),(9,'Professor'),(10,'Diretor');
/*!40000 ALTER TABLE `cargo` ENABLE KEYS */;
UNLOCK TABLES;

--
-- Temporary view structure for view `cidades_jogador_m5`
--

DROP TABLE IF EXISTS `cidades_jogador_m5`;
/*!50001 DROP VIEW IF EXISTS `cidades_jogador_m5`*/;
SET @saved_cs_client     = @@character_set_client;
/*!50503 SET character_set_client = utf8mb4 */;
/*!50001 CREATE VIEW `cidades_jogador_m5` AS SELECT 
 1 AS `cidade`,
 1 AS `numero_de_cursos`*/;
SET character_set_client = @saved_cs_client;

--
-- Temporary view structure for view `contagem_FeM`
--

DROP TABLE IF EXISTS `contagem_FeM`;
/*!50001 DROP VIEW IF EXISTS `contagem_FeM`*/;
SET @saved_cs_client     = @@character_set_client;
/*!50503 SET character_set_client = utf8mb4 */;
/*!50001 CREATE VIEW `contagem_FeM` AS SELECT 
 1 AS `numero_de_homens`,
 1 AS `numero_de_mulheres`*/;
SET character_set_client = @saved_cs_client;

--
-- Table structure for table `curso`
--

DROP TABLE IF EXISTS `curso`;
/*!40101 SET @saved_cs_client     = @@character_set_client */;
/*!50503 SET character_set_client = utf8mb4 */;
CREATE TABLE `curso` (
  `id` int NOT NULL AUTO_INCREMENT,
  `nome_curso` varchar(30) NOT NULL,
  PRIMARY KEY (`id`)
) ENGINE=InnoDB AUTO_INCREMENT=7 DEFAULT CHARSET=utf8mb4 COLLATE=utf8mb4_0900_ai_ci;
/*!40101 SET character_set_client = @saved_cs_client */;

--
-- Dumping data for table `curso`
--

LOCK TABLES `curso` WRITE;
/*!40000 ALTER TABLE `curso` DISABLE KEYS */;
INSERT INTO `curso` VALUES (1,'Produção de Cachaça'),(2,'Administração'),(4,'Jogador de Futebol'),(5,'TikToker'),(6,'Mecânico de Uber');
/*!40000 ALTER TABLE `curso` ENABLE KEYS */;
UNLOCK TABLES;

--
-- Table structure for table `disciplina`
--

DROP TABLE IF EXISTS `disciplina`;
/*!40101 SET @saved_cs_client     = @@character_set_client */;
/*!50503 SET character_set_client = utf8mb4 */;
CREATE TABLE `disciplina` (
  `id` int NOT NULL AUTO_INCREMENT,
  `nome_disciplina` varchar(30) DEFAULT NULL,
  `horas` int DEFAULT NULL,
  PRIMARY KEY (`id`)
) ENGINE=InnoDB AUTO_INCREMENT=141 DEFAULT CHARSET=utf8mb4 COLLATE=utf8mb4_0900_ai_ci;
/*!40101 SET character_set_client = @saved_cs_client */;

--
-- Dumping data for table `disciplina`
--

LOCK TABLES `disciplina` WRITE;
/*!40000 ALTER TABLE `disciplina` DISABLE KEYS */;
INSERT INTO `disciplina` VALUES (113,'Anatomia',90),(114,'Bioquímica',90),(115,'Biologia',90),(116,'Biofísica',90),(117,'Fisiologia',120),(118,'Farmacologia',120),(119,'Imunologia',120),(120,'Microbiologia',120),(121,'Patologia',90),(122,'Histologia',90),(123,'Embriologia',90),(124,'Genética',120),(125,'Ciências dos Materiais',120),(126,'Desenho Técnico Mecânico',120),(127,'Elementos de Máquinas ',120),(128,'Eletricidade Básica',90),(129,'Estágio Supervisionado',90),(130,'Gestão da Qualidade Integrada',120),(131,'Hidráulica, Pneumática',120),(132,'Introdução Aos Processos',90),(133,'Manutenção Produtiva',90),(134,'Matemática, Trigonometria',90),(135,'Metrologia Aplicada à Mecânica',120),(136,'Máquinas Térmicas',90),(137,'Projetos e Análise',90),(138,'Resistências dos Materiais',120),(139,'Solda e Fundição',90),(140,'Tratamentos Térmicos',90);
/*!40000 ALTER TABLE `disciplina` ENABLE KEYS */;
UNLOCK TABLES;

--
-- Temporary view structure for view `dspl_menor_120h`
--

DROP TABLE IF EXISTS `dspl_menor_120h`;
/*!50001 DROP VIEW IF EXISTS `dspl_menor_120h`*/;
SET @saved_cs_client     = @@character_set_client;
/*!50503 SET character_set_client = utf8mb4 */;
/*!50001 CREATE VIEW `dspl_menor_120h` AS SELECT 
 1 AS `nome_disciplina`,
 1 AS `carga_horaria`*/;
SET character_set_client = @saved_cs_client;

--
-- Table structure for table `email`
--

DROP TABLE IF EXISTS `email`;
/*!40101 SET @saved_cs_client     = @@character_set_client */;
/*!50503 SET character_set_client = utf8mb4 */;
CREATE TABLE `email` (
  `id` int NOT NULL AUTO_INCREMENT,
  `email` varchar(40) DEFAULT NULL,
  PRIMARY KEY (`id`)
) ENGINE=InnoDB AUTO_INCREMENT=38 DEFAULT CHARSET=utf8mb4 COLLATE=utf8mb4_0900_ai_ci;
/*!40101 SET character_set_client = @saved_cs_client */;

--
-- Dumping data for table `email`
--

LOCK TABLES `email` WRITE;
/*!40000 ALTER TABLE `email` DISABLE KEYS */;
INSERT INTO `email` VALUES (1,'bombomsozinho1999@hotmail.com'),(2,'chaolinMatadorDePorco@hotmail.com'),(3,'flavinhoDoPneu74@hotmail.com'),(4,'pistolinha2dedo@hotmail.com'),(5,'mangostao-di-vinopoles@hotmail.com'),(6,'saiyajin1000@hotmail.com'),(7,'lontraFC@hotmail.com'),(8,'joaquimCraft12@hotmail.com'),(9,'baianoSemCoco@imail.com'),(10,'gabriellyBELIBER!@imail.com'),(11,'renatoXtreme@imail.com'),(12,'spiderXtremeMinecraft12@positivo.com'),(13,'gabreu_skywalker333@positivo.com'),(14,'juninho-daMotoca@positivo.com'),(15,'teteus10@positivo.com'),(16,'felippegatinho-joga10@positivo.com'),(17,'capitaocaverna73@positivo.com'),(18,'edin.rocambolem@yahoo.com'),(19,'dimilsin.cogumelo@yahoo.com'),(20,'herique-reiDelas@yahoo.com'),(21,'enzo_bloco12_e_nosso@yahoo.com'),(22,'stefany.bala-de-icekiss@yahoo.com'),(23,'chicoNotas@yahoo.com'),(24,'mochiladecrianca@yahoo.com'),(25,'cavaloGamer@.com.com.com.com.com'),(26,'GiuseiadaGraca@yahoo.com'),(27,'Thiagin.abandonaTronco-no-lago@yahoo.com'),(28,'discoDeMaquita.arranhado@yahoo.com'),(29,'enrosca_facil@hayoo.com'),(30,'paidoOscar@hayoo.com'),(31,'kaio_naolevanto@hayoo.com'),(32,'luiz.inacioPCC@procom.com'),(33,'carlos.jujitso@hayoo.com'),(34,'cleitaodofusca@hayoo.com'),(35,'capinaLOTE-ate10Mquadrado@hayoo.com'),(36,'robinho.matadorde-queroquero@hayoo.com'),(37,'sochuta_na_gaveta@hayoo.com');
/*!40000 ALTER TABLE `email` ENABLE KEYS */;
UNLOCK TABLES;

--
-- Table structure for table `faculdade`
--

DROP TABLE IF EXISTS `faculdade`;
/*!40101 SET @saved_cs_client     = @@character_set_client */;
/*!50503 SET character_set_client = utf8mb4 */;
CREATE TABLE `faculdade` (
  `id` int NOT NULL AUTO_INCREMENT,
  `nome_faculdade` varchar(95) DEFAULT NULL,
  `estado` varchar(30) NOT NULL,
  PRIMARY KEY (`id`)
) ENGINE=InnoDB AUTO_INCREMENT=571 DEFAULT CHARSET=utf8mb4 COLLATE=utf8mb4_0900_ai_ci;
/*!40101 SET character_set_client = @saved_cs_client */;

--
-- Dumping data for table `faculdade`
--

LOCK TABLES `faculdade` WRITE;
/*!40000 ALTER TABLE `faculdade` DISABLE KEYS */;
INSERT INTO `faculdade` VALUES (1,'Centro Federal de Educação Tecnológica de Minas Gerais (CEFET-MG)','minas gerais'),(2,'Instituto Federal de Minas Gerais (IFMG)','minas gerais'),(3,'Instituto Federal do Norte de Minas Gerais (IFNMG)','minas gerais'),(4,'Instituto Federal do Sudeste de Minas (IFSEMG)','minas gerais'),(5,'Instituto Federal do Sul de Minas (IFSULMINAS)','minas gerais'),(6,'Instituto Federal do Triângulo Mineiro (IFTM)','minas gerais'),(7,'Universidade Federal de Alfenas (UNIFAL-MG)','minas gerais'),(8,'Universidade Federal de Itajubá (Unifei)','minas gerais'),(9,'Universidade Federal de Juiz de Fora (UFJF)','minas gerais'),(10,'Universidade Federal de Lavras (UFLA)','minas gerais'),(11,'Universidade Federal de Minas Gerais (UFMG)','minas gerais'),(12,'Universidade Federal de Ouro Preto (UFOP)','minas gerais'),(13,'Universidade Federal de São João del-Rei (UFSJ)','minas gerais'),(14,'Universidade Federal de Uberlândia (UFU)','minas gerais'),(15,'Universidade Federal de Viçosa (UFV)','minas gerais'),(16,'Universidade Federal do Triângulo Mineiro (UFTM)','minas gerais'),(17,'Universidade Federal dos Vales do Jequitinhonha e Mucuri (UFVJM)','minas gerais'),(18,'Fundação João Pinheiro (FJP)','minas gerais'),(19,'Universidade do Estado de Minas Gerais (UEMG)','minas gerais'),(20,'Universidade Estadual de Montes Claros (Unimontes)','minas gerais'),(21,'Universidade de Itaúna - (UIT)','minas gerais'),(22,'Universidade FUMEC - (FUMEC)','minas gerais'),(23,'Pontifícia Universidade Católica de Minas Gerais (PUC Minas)','minas gerais'),(24,'Universidade José do Rosário Vellano (Unifenas)','minas gerais'),(25,'Universidade de Uberaba (Uniube)','minas gerais'),(26,'Universidade Vale do Rio Doce (Univale)','minas gerais'),(27,'Centro Universitário de Belo Horizonte (UniBH)','minas gerais'),(28,'Centro Universitário UNA - (UNA)','minas gerais'),(29,'Centro Universitário Presidente Tancredo Neves - (UNIPTAN)','minas gerais'),(30,'Centro Universitário FIPMoc (UNIFIPMoc)','minas gerais'),(31,'Centro Universitário de Lavras (Unilavras)','minas gerais'),(32,'Centro Universitário da Fundação Educacional Guaxupé (Unifeg)','minas gerais'),(33,'Universidade Presidente Antônio Carlos (UNIPAC)','minas gerais'),(34,'Centro Universitário de Sete Lagoas - UNIFEMM','minas gerais'),(35,'Centro Universitário Católica do Leste de Minas Gerais (UNILESTE)','minas gerais'),(36,'Centro Universitário Eaprenda Elearning (CUEA MG)','minas gerais'),(37,'Centro Universitário de Patos de Minas (UNIPAM)','minas gerais'),(38,'Centro Universitário de Itajubá (FEPI)','minas gerais'),(39,'UniAcademia','minas gerais'),(40,'Faculdade Pitágoras (Pitágoras)','minas gerais'),(41,'Faculdades Associadas de Uberaba (Fazu)','minas gerais'),(42,'Faculdade de Ciências Econômicas do Triângulo Mineiro (FCETM)','minas gerais'),(43,'Rede de Ensino Doctum (DOCTUM)','minas gerais'),(44,'Fundação Educacional de Oliveira (FEOL)','minas gerais'),(45,'Faculdade de Ciências e Tecnologias de Campos Gerais (FACICA)','minas gerais'),(46,'Faculdade de Filosofia, Ciências e Letras de Boa Esperança (FAFIBE)','minas gerais'),(47,'Centro de Estudos Superiores Aprendiz (CESA)','minas gerais'),(48,'Faculdade de Medicina de Itajubá (FMIT)','minas gerais'),(49,'IFAC - Instituto Federal do Acre','Acre'),(50,'UFAC - Universidade Federal do Acre','Acre'),(51,'FADISI - Faculdade Diocesana São José','Acre'),(52,'UNAMA - Universidade da Amazônia','Acre'),(53,'UNESA - Universidade Estácio de Sá','Acre'),(54,'UNINTER - Grupo Educacional Uninter','Acre'),(55,'UNEAL - Universidade Estadual de Alagoas','Alagoas'),(56,'UNCIASAL - Universidade Estadual de Ciências da Saúde de Alagoas Federais','Alagoas'),(57,'IFAL - Instituto Federal de Alagoas','Alagoas'),(58,'UFAL - Universidade Federal de Alagoas','Alagoas'),(59,'CESMAC - Centro de Estudos Superiores de Maceió','Alagoas'),(60,'FAP - Faculdade Pitágoras','Alagoas'),(61,'FITS - Faculdade Integrada Tiradentes','Alagoas'),(62,'UEAP - Universidade Estadual do Amapá','Amapá'),(63,'IFAP - Instituto Federal do Amapá','Amapá'),(64,'UNIFAP - Universidade Federal do Amapá','Amapá'),(65,'CEAP - Centro de Ensino Superior do Amapá','Amapá'),(66,'UEA - Universidade do Estado do Amazonas','Amazonas'),(67,'IFAM - Instituto Federal do AmazonasIFAM - Instituto Federal do Amazonas','Amazonas'),(68,'UFAM - Universidade Federal do Amazonas','Amazonas'),(69,'INPA - Instituto Nacional de Pesquisas da Amazônia','Amazonas'),(70,'ULBRA - Universidade Luterana do Brasil','Amazonas'),(71,'UNINILTONLINS - Universidade Nilton Lins','Amazonas'),(72,'Fametro - Faculdade Metropolitana de Manaus','Amazonas'),(73,'Uninorte - Centro Universitário do Norte','Amazonas'),(74,'Unip - Universidade Paulista','Amazonas'),(75,'Centro Universitário Estácio da Bahia - Estácio Bahia ','Bahia'),(76,'Centro Universitário Jorge Amado - UNIJORGE ','Bahia'),(77,'Centro Universitário Ruy Barbosa Wyden - UniRuy Wyden','Bahia'),(78,'Centro Universitário Social da Bahia - UNISBA','Bahia'),(79,'Centro Universitário de Salvador - UNICEUSA','Bahia'),(80,'Escola Bahiana de Medicina e Saúde Pública - EBMSP','Bahia'),(81,'Faculdade Adventista da Bahia - FADBA','Bahia'),(82,'Faculdade Batista Brasileira - FBB','Bahia'),(83,'Faculdade Castro Alves - FCA','Bahia'),(84,'Faculdade Dois de Julho - F2J','Bahia'),(85,'Faculdade Dom Luis de Orleans e Bragança - FARRP','Bahia'),(86,'Faculdade Dom Pedro II de Tecnologia - FAB','Bahia'),(87,'Faculdade Evangélica de Salvador - FACESA','Bahia'),(88,'Faculdade Hélio Rocha - FHR','Bahia'),(89,'Faculdade Independente do Nordeste - FAINOR','Bahia'),(90,'Faculdade Madre Thais - FMT','Bahia'),(91,'Faculdade Maurício de Nassau de Salvador - FMN SALVADOR ','Bahia'),(92,'Faculdade Montessoriano de Salvador - FAMA','Bahia'),(93,'Faculdade Nossa Senhora de Lourdes - FNSL','Bahia'),(94,'Faculdade Olga Mettig - FAMETTIG','Bahia'),(95,'Faculdade Pitágoras de Feira de Santana','Bahia'),(96,'Faculdade Pitágoras de Teixeira de Freitas - PIT TEIXEIRA','Bahia'),(97,'Faculdade Regional da Bahia - FARB UNIRB','Bahia'),(98,'Faculdade São Bento da Bahia','Bahia'),(99,'Faculdade São Camilo','Bahia'),(100,'Faculdade São Salvador - FSS FSSAL','Bahia'),(101,'Faculdade São Tomaz de Aquino - FSTA ','Bahia'),(102,'Faculdade Unime Salvador','Bahia'),(103,'Faculdade Unime de Ciências Exatas e Tecnológicas - FCT ','Bahia'),(104,'Faculdade Unime de Ciências Jurídicas - FCJ','Bahia'),(105,'Faculdade Unime de Ciências Sociais - FCS','Bahia'),(106,'Faculdade Unime de Educação e Comunicação - FEC','Bahia'),(107,'Faculdade Uninassau Lauro de Freitas','Bahia'),(108,'Faculdade Visconde de Cairu - FAVIC','Bahia'),(109,'Faculdade Zacarias de Góes - FAZAG','Bahia'),(110,'Faculdade da Região Sisaleira','Bahia'),(111,'Faculdade de Ciências Sociais Aplicadas - FACISA','Bahia'),(112,'Faculdade de Ensino Superior da Cidade de Feira de Santana - FAESF/UNEF','Bahia'),(113,'Faculdade de Ensino Superior da Cidade de Feira de Santana - FAESF/UNEF','Bahia'),(114,'Faculdades Integradas Padrão - FIPGuanambi','Bahia'),(115,'Faculdade de Tecnologia Senai Cimatec - SENAI CIMATEC ','Bahia'),(116,'Faculdade de Tecnologia e Ciências - FTC SALVADOR','Bahia'),(117,'Faculdade de Tecnologia e Ciências de Feira de Santana - FTC','Bahia'),(118,'Faculdade de Tecnologia e Ciências de Itabuna - FTC','Bahia'),(119,'Faculdade de Tecnologia e Ciências de Jequié - FTC','Bahia'),(120,'Faculdade de Tecnologia e Ciências de Vitória da Conquista - FTC','Bahia'),(121,'Faculdade do Sul da Bahia - FASB','Bahia'),(122,'Faculdade Área1 Wyden - ÁREA1 WYDEN','Bahia'),(123,'Faculdades Integradas Ipitanga - FACIIP','Bahia'),(124,'Faculdades Integradas do Extremo Sul da Bahia - UNESULBAHIA','Bahia'),(125,'Fundação Universidade Federal do Vale do São Francisco - UNIVASF','Bahia'),(126,'Instituto Federal de Educação, Ciência e Tecnologia Baiano - IFBAIANO','Bahia'),(127,'Instituto Federal de Educação, Ciência e Tecnologia da Bahia - IFBA','Bahia'),(128,'Instituto Salvador de Ensino e Cultura - ISEC','Bahia'),(129,'Instituto de Educação Superior Unyahna de Salvador - IESUS','Bahia'),(130,'Universidade Católica do Salvador - UCSAL','Bahia'),(131,'Universidade Estadual de Feira de Santana - UEFS','Bahia'),(132,'Universidade Estadual de Santa Cruz - UESC','Bahia'),(133,'Universidade Estadual do Sudoeste da Bahia - UESB','Bahia'),(134,'Universidade Federal da Bahia - UFBA','Bahia'),(135,'Universidade Federal do Oeste da Bahia - UFOB','Bahia'),(136,'Universidade Federal do Recôncavo da Bahia - UFRB','Bahia'),(137,'Universidade Federal do Sul da Bahia - UFSB','Bahia'),(138,'Universidade Salvador - UNIFACS','Bahia'),(139,'Universidade do Estado da Bahia - UNEB','Bahia'),(140,'UECE - Universidade Estadual do Ceará','Ceará'),(141,'URCA - Universidade Regional do Cariri','Ceará'),(142,'UVA - Universidade Estadual Vale do Acaraú','Ceará'),(143,'IFCE - Instituto Federal do Ceará','Ceará'),(144,'UFC - Universidade Federal do Ceará','Ceará'),(145,'UNILAB - Universidade Federal de Integração Luso-Afro-Brasileira','Ceará'),(146,'UFCA - Universidade Federal do Cariri','Ceará'),(147,'FCC - Faculdade Católica do Ceará','Ceará'),(148,'FCF - Faculdade Católica de Fortaleza','Ceará'),(149,'FCRS - Faculdade Católica Rainha do Sertão','Ceará'),(150,'UNICHRISTUS - Centro Universitário Christus','Ceará'),(151,'UNIFAMETRO - Centro Universitário Fametro','Ceará'),(152,'UNICATÓLICA-Centro Universitário Católica de Quixadá','Ceará'),(153,'FA7 - Faculdade 7 de Setembro','Ceará'),(154,'FFB - Faculdade Farias Brito','Ceará'),(155,'FLF - Faculdade Luciano Feijão','Ceará'),(156,'Unifametro - Centro Universitário Fametro','Ceará'),(157,'UnDF - Universidade do Distrito Federal Jorge Amaury','Distrito Federal'),(158,'IFB - Instituto Federal de Brasília','Distrito Federal'),(159,'UnB - Universidade de Brasília','Distrito Federal'),(160,'ENAP - Escola Nacional de Administração Pública','Distrito Federal'),(161,'UCB - Universidade Católica de Brasília','Distrito Federal'),(162,'SENAI - Serviço Nacional de Aprendizagem Industrial','Distrito Federal'),(163,'CEUB - Centro Universitário de Brasília','Distrito Federal'),(164,'FACITEC - Faculdade de Ciências Sociais e Tecnológicas','Distrito Federal'),(165,'FTB - Faculdades Integradas da Terra de Brasília Descredenciada','Distrito Federal'),(166,'IESB - Instituto de Educação Superior de Brasília','Distrito Federal'),(167,'SENAC - Faculdade Senac - Distrito Federal','Distrito Federal'),(168,'UNIEURO - Centro Universitário Euroamericano','Distrito Federal'),(169,'UNIP - Universidade Paulista','Distrito Federal'),(170,'UNOPAR - Universidade Norte do Paraná','Distrito Federal'),(171,'FAPRO-Faculdade Projeção','Distrito Federal'),(172,'FACELI - Faculdade de Ensino Superior de Linhares','Espírito Santo'),(173,'UnAC - Universidade Aberta Capixaba','Espírito Santo'),(174,'IFES - Instituto Federal do Espírito Santo','Espírito Santo'),(175,'UFES - Universidade Federal do Espírito Santo','Espírito Santo'),(176,'EMESCAM - Escola Superior de Ciências da Santa Casa de Misericórdia de Vitória','Espírito Santo'),(177,'CUSC - Centro Universitário São Camilo','Espírito Santo'),(178,'DOCTUM - Rede de Ensino Doctum','Espírito Santo'),(179,'FDV - Faculdades Integradas de Vitória','Espírito Santo'),(180,'FUCAPE - FUCAPE Business School','Espírito Santo'),(181,'UNESA - Universidade Estácio de Sá','Espírito Santo'),(182,'UniRV (FESURV) - Universidade de Rio Verde','Goiás'),(183,'UEG - Universidade Estadual de Goiás','Goiás'),(184,'IFG - Instituto Federal de Goiás','Goiás'),(185,'UFG - Universidade Federal de Goiás','Goiás'),(186,'IF Goiano - Instituto Federal Goiano','Goiás'),(187,'PUC - Pontifícia Universidade Católica de Goiás','Goiás'),(188,'UNIVERSO - Universidade Salgado de Oliveira','Goiás'),(189,'ULBRA - Universidade Luterana do Brasil','Goiás'),(190,'ALFA - Faculdade Alves Faria','Goiás'),(191,'FACEG - Faculdade Evangelica de Goianesia','Goiás'),(192,'UNESA - Universidade Estácio de Sá','Goiás'),(193,'UNIP - Universidade Paulista','Goiás'),(194,'UNIFASC - Faculdade Santa Rita de Cássia','Goiás'),(195,'IAESUP - Faculdades e Colégio Aphonsiano','Goiás'),(196,'UEMA - Universidade Estadual do Maranhão','Maranhão'),(197,'UEMASUL - Universidade Estadual da Região Tocantina do Maranhão','Maranhão'),(198,'IEMA - Instituto Estadual do Maranhão','Maranhão'),(199,'IFMA - Instituto Federal do Maranhão','Maranhão'),(200,'UFMA - Universidade Federal do Maranhão','Maranhão'),(201,'CEST - Faculdade Santa Terezinha (São Luís)','Maranhão'),(202,'FACIMP - Faculdade de Imperatriz','Maranhão'),(203,'UNEMAT - Universidade do Estado de Mato Grosso','Mato Grosso'),(204,'IFMT - Instituto Federal do Mato Grosso','Mato Grosso'),(205,'UFMT - Universidade Federal de Mato Grosso','Mato Grosso'),(206,'UFR - Universidade Federal de Rondonópolis','Mato Grosso'),(207,'IPE - Instituto Parecis de Ensino, Desenvolvimento e Pesquisa','Mato Grosso'),(208,'UEMS - Universidade Estadual do Mato Grosso do Sul','Mato Grosso do Sul'),(209,'UFGD - Universidade Federal da Grande Dourados','Mato Grosso do Sul'),(210,'IFMS - Instituto Federal de Mato Grosso do Sul','Mato Grosso do Sul'),(211,'UFMS - Universidade Federal do Mato Grosso do Sul','Mato Grosso do Sul'),(212,'UCDB - Universidade Católica Dom Bosco','Mato Grosso do Sul'),(213,'UNIGRAN - Centro Universitário da Grande Dourados','Mato Grosso do Sul'),(214,'UFRA - Universidade Federal Rural da Amazônia','Pará'),(215,'UFPA - Universidade Federal do Pará','Pará'),(216,'IFPA - Instituto Federal do Pará','Pará'),(217,'UFOPA - Universidade Federal do Oeste do Pará','Pará'),(218,'UNIFESSPA - Universidade Federal do Sul e Sudeste do Pará','Pará'),(219,'UEPA - Universidade do Estado do Pará','Pará'),(220,'CIABA - Centro de Instrução Almirante Braz de Aguiar','Pará'),(221,'CEAMA - Centro de Educação da Amazônia','Pará'),(222,'CESUPA - Centro Universitário do Estado do Pará','Pará'),(223,'ESMAC - Escola Superior Madre Celeste','Pará'),(224,'FAMAZ - Faculdade Metropolitana da Amazônia','Pará'),(225,'FABEL - Faculdade de Belém','Pará'),(226,'FACBEL - Faculdade Católica de Belém','Pará'),(227,'FACIP - Faculdade Ipiranga','Pará'),(228,'FAPAN - Faculdade Pan Amazônica','Pará'),(229,'FEAPA - Faculdade de Estudos Avançados do Pará','Pará'),(230,'FIBRA - Faculdade Integrada Brasil Amazônia','Pará'),(231,'UNAMA - Universidade da Amazônia','Pará'),(232,'UNIP - Universidade Paulista','Pará'),(233,'UEPB - Universidade Estadual da Paraíba','Paraíba'),(234,'IFPB - Instituto Federal da Paraíba','Paraíba'),(235,'UFPB - Universidade Federal da Paraíba','Paraíba'),(236,'UFCG - Universidade Federal de Campina Grande','Paraíba'),(237,'UNIPÊ - Centro Universitário de João Pessoa','Paraíba'),(238,'Uniuv - Centro Universitário de União da Vitória','Paraíba'),(239,'ESBJ - Faculdade Maurício de Nassau','Paraíba'),(240,'UNIBRASIL - Centro Universitário Autônomo do Brasil','Paraíba'),(241,'FAVAP - Faculdades Vale do Piancó','Paraíba'),(242,'IESP - Instituto de Educação Superior da Paraíba','Paraíba'),(243,'UNIFIP - Centro Universitário de Patos','Paraíba'),(244,'UNIFACISA-Centro Universitário Facisa','Paraíba'),(245,'UNESPAR - Universidade Estadual do Paraná','Paraná'),(246,'UEL - Universidade Estadual de Londrina','Paraná'),(247,'UEM - Universidade Estadual de Maringá','Paraná'),(248,'UENP - Universidade Estadual do Norte do Paraná','Paraná'),(249,'UEPG - Universidade Estadual de Ponta Grossa','Paraná'),(250,'UNICENTRO - Universidade Estadual do Centro-Oeste','Paraná'),(251,'UNIOESTE - Universidade Estadual do Oeste do Paraná','Paraná'),(252,'IFPR - Instituto Federal do Paraná','Paraná'),(253,'UTFPR - Universidade Tecnológica Federal do Paraná','Paraná'),(254,'UFPR - Universidade Federal do Paraná','Paraná'),(255,'UNILA - Universidade Federal da Integração Latino-Americana','Paraná'),(256,'UFFS - Universidade Federal da Fronteira Sul','Paraná'),(257,'FAE - FAE Centro Universitário','Paraná'),(258,'FAG - Fundação Assis Gurgacz','Paraná'),(259,'FEPAR - Faculdade Evangélica do Paraná','Paraná'),(260,'FTSA - Faculdade Teológica Sul Americana','Paraná'),(261,'PUCPR - Pontifícia Universidade Católica do Paraná','Paraná'),(262,'UNIFIL - Centro Universitário Filadélfia','Paraná'),(263,'Univel - União Educacional de Cascavel','Paraná'),(264,'UNINGÁ - Faculdade Ingá','Paraná'),(265,'CAMPO REAL - Faculdade Campo Real','Paraná'),(266,'CESCAGE - Centro de Ensino Superior dos Campos Gerais','Paraná'),(267,'FAG - Faculdade Guairacá','Paraná'),(268,'FAJAR - Faculdade Jaguariaíva','Paraná'),(269,'FATEB - Faculdade de Telêmaco Borba','Paraná'),(270,'FANP - Faculdade do Noroeste Paranaense','Paraná'),(271,'FASBAM - Faculdade São Basílio Magno','Paraná'),(272,'FEITEP - Faculdade de Engenharia e Inovação Técnico Profissional','Paraná'),(273,'FG - Faculdade Guarapuava','Paraná'),(274,'FML - Faculdade Metropolitana Londrinense','Paraná'),(275,'UNICAMPO - Faculdade União de Campo Mourão','Paraná'),(276,'INTEGRADO - Centro Universitário Integrado de Campo Mourão','Paraná'),(277,'UniCesumar - Centro Universitário de Maringá','Paraná'),(278,'UNICURITIBA - Centro Universitário Curitiba','Paraná'),(279,'UNINTER - Grupo Educacional Uninter','Paraná'),(280,'UNIPAR - Universidade Paranaense','Paraná'),(281,'UNOPAR - Universidade do Norte do Paraná','Paraná'),(282,'UCP - Faculdades do Centro do Paraná','Paraná'),(283,'UP - Universidade Positivo','Paraná'),(284,'UTP - Universidade Tuiuti do Paraná','Paraná'),(285,'UNISEP - União de Ensino do Sudoeste do Paraná','Paraná'),(286,'UFPI - Universidade Federal do Piauí','Pernambuco'),(287,'IFPI - Instituto Federal do Piauí','Pernambuco'),(288,'UFDPar - Universidade Federal do Delta do Parnaíba','Pernambuco'),(289,'ICESPI - Instituto Católico de Estudos de Ensino Superior do Piauí','Pernambuco'),(290,'UNINOVAFAPI - Centro Universitário Uninovafapi','Pernambuco'),(291,'UNINASSAU - Centro Universitário Maurício de Nassau','Pernambuco'),(292,'FeMASS - Faculdade Professor Miguel Ângelo da Silva Santos - Macaé','Rio de Janeiro'),(293,'ISERJ - Instituto Superior de Educação do Rio de Janeiro','Rio de Janeiro'),(294,'FAETERJ - Faculdade de Educação Tecnológica do Estado do Rio de Janeiro','Rio de Janeiro'),(295,'UENF - Universidade Estadual do Norte Fluminense','Rio de Janeiro'),(296,'UERJ - Universidade do Estado do Rio de Janeiro','Rio de Janeiro'),(297,'UEZO - Universidade Estadual da Zona Oeste','Rio de Janeiro'),(298,'IMPA-Instituto de Matemática Pura e Aplicada','Rio de Janeiro'),(299,'CBPF - Centro Brasileiro de Pesquisas Físicas','Rio de Janeiro'),(300,'CEFET/RJ - Centro Federal de Educação Tecnológica Celso Suckow da Fonseca','Rio de Janeiro'),(301,'Colégio Pedro II - Colégio Pedro II','Rio de Janeiro'),(302,'ENCE - Escola Nacional de Ciências Estatísticas','Rio de Janeiro'),(303,'IFF - Instituto Federal Fluminense','Rio de Janeiro'),(304,'IFRJ - Instituto Federal do Rio de Janeiro','Rio de Janeiro'),(305,'UFF - Universidade Federal Fluminense','Rio de Janeiro'),(306,'UFRJ - Universidade Federal do Rio de Janeiro','Rio de Janeiro'),(307,'UFRRJ - Universidade Federal Rural do Rio de Janeiro','Rio de Janeiro'),(308,'UNIRIO - Universidade Federal do Estado do Rio de Janeiro','Rio de Janeiro'),(309,'ABMDP II - Academia de Bombeiro Militar Dom Pedro II','Rio de Janeiro'),(310,'AMAN - Academia Militar de Agulhas Negras','Rio de Janeiro'),(311,'APMDJ VI - Academia de Polícia Militar Dom João VI','Rio de Janeiro'),(312,'EN - Escola Naval','Rio de Janeiro'),(313,'ECEME - Escola de Comando e Estado-Maior do Exército','Rio de Janeiro'),(314,'EsAO - Escola de Aperfeiçoamento de Oficiais','Rio de Janeiro'),(315,'IME - Instituto Militar de Engenharia','Rio de Janeiro'),(316,'ESPM-RIO - Escola Superior de Propaganda e Marketing','Rio de Janeiro'),(317,'CELSO LISBOA - Centro Universitário Celso Lisboa','Rio de Janeiro'),(318,'FACHA - Faculdades Integradas Hélio Alonso','Rio de Janeiro'),(319,'FGV - Fundação Getulio Vargas','Rio de Janeiro'),(320,'FMC - Faculdade de Medicina de Campos','Rio de Janeiro'),(321,'FMP/FASE - Faculdade de Medicina de Petrópolis - Faculdade Arthur Sá Earp Neto','Rio de Janeiro'),(322,'FSMA - Faculdade Salesiana de Macaé','Rio de Janeiro'),(323,'FSB/RJ - Faculdade de São Bento do Rio de Janeiro','Rio de Janeiro'),(324,'FUNENSEG - Escola Nacional de Seguros','Rio de Janeiro'),(325,'IBMEC - Instituto Brasileiro de Mercado e Capitais','Rio de Janeiro'),(326,'IBMR - Centro Universitário IBMR','Rio de Janeiro'),(327,'MACKENZIE-RIO - Faculdade Presbiteriana Mackenzie Rio','Rio de Janeiro'),(328,'PUC-RIO - Pontifícia Universidade Católica do Rio de Janeiro','Rio de Janeiro'),(329,'UCAM - Universidade Cândido Mendes','Rio de Janeiro'),(330,'UCB - Universidade Castelo Branco','Rio de Janeiro'),(331,'UCP - Universidade Católica de Petrópolis','Rio de Janeiro'),(332,'UGB - Centro Universitário Geraldo Di Biase','Rio de Janeiro'),(333,'UNIFAA - Centro de Ensino Superior de Valença','Rio de Janeiro'),(334,'UNISUAM - Centro Universitário Augusto Motta','Rio de Janeiro'),(335,'UNIABEU - UNIABEU Centro Universitário','Rio de Janeiro'),(336,'UNIFESO - Centro Universitário Serra dos Órgãos','Rio de Janeiro'),(337,'UNIGRANRIO - Universidade do Grande Rio','Rio de Janeiro'),(338,'UNIVERSO - Universidade Salgado de Oliveira','Rio de Janeiro'),(339,'USS - Universidade Severino Sombra','Rio de Janeiro'),(340,'USU - Universidade Santa Úrsula','Rio de Janeiro'),(341,'UVA - Universidade Veiga de Almeida','Rio de Janeiro'),(342,'AEDB - Faculdades Dom Bosco','Rio de Janeiro'),(343,'SENAC - Faculdade Senac Rio de Janeiro','Rio de Janeiro'),(344,'UBM - Centro Universitário de Barra Mansa','Rio de Janeiro'),(345,'UNESA - Universidade Estácio de Sá','Rio de Janeiro'),(346,'UNIFOA - Centro Universitário de Volta Redonda','Rio de Janeiro'),(347,'UERN - Universidade do Estado do Rio Grande do Norte','Rio Grande do Norte'),(348,'IFRN - Instituto Federal do Rio Grande do Norte','Rio Grande do Norte'),(349,'UFERSA - Universidade Federal Rural do Semi-Árido','Rio Grande do Norte'),(350,'UFRN - Universidade Federal do Rio Grande do Norte','Rio Grande do Norte'),(351,'ULBRA - Universidade Luterana do Brasil (Polo Natal)','Rio Grande do Norte'),(352,'UNP - Universidade Potiguar','Rio Grande do Norte'),(353,'Fatern Gama Filho - Faculdade de Excelência do Rio Grande do Norte','Rio Grande do Norte'),(354,'UNOPAR - Universidade Norte do Paraná (Polo Natal)','Rio Grande do Norte'),(355,'UNINASSAU - Faculdade Maurício de Nassau - (Pólo Natal)','Rio Grande do Norte'),(356,'IPOG - Instituto de Pós-Graduação (Pólo Natal)','Rio Grande do Norte'),(357,'UERGS - Universidade Estadual do Rio Grande do Sul','Rio Grande do Sul'),(358,'FURG - Universidade Federal do Rio Grande','Rio Grande do Sul'),(359,'IFFarroupilha - Instituto Federal Farroupilha','Rio Grande do Sul'),(360,'IFRS - Instituto Federal do Rio Grande do Sul','Rio Grande do Sul'),(361,'IFSul - Instituto Federal Sul-rio-grandense','Rio Grande do Sul'),(362,'UFCSPA - Universidade Federal de Ciências da Saúde de Porto Alegre','Rio Grande do Sul'),(363,'UFPEL - Universidade Federal de Pelotas','Rio Grande do Sul'),(364,'UFRGS - Universidade Federal do Rio Grande do Sul','Rio Grande do Sul'),(365,'UFSM - Universidade Federal de Santa Maria','Rio Grande do Sul'),(366,'UNIPAMPA - Universidade Federal do Pampa','Rio Grande do Sul'),(367,'UFFS - Universidade Federal da Fronteira Sul','Rio Grande do Sul'),(368,'FACCAT - Faculdades de Taquara','Rio Grande do Sul'),(369,'FAPA - Faculdade Porto-Alegrense','Rio Grande do Sul'),(370,'FEEVALE - Universidade Feevale','Rio Grande do Sul'),(371,'PUCRS - Pontifícia Universidade Católica do Rio Grande do Sul','Rio Grande do Sul'),(372,'UCPEL - Universidade Católica de Pelotas','Rio Grande do Sul'),(373,'UCS - Universidade de Caxias do Sul','Rio Grande do Sul'),(374,'ULBRA - Universidade Luterana do Brasil','Rio Grande do Sul'),(375,'UNICRUZ - Universidade de Cruz Alta','Rio Grande do Sul'),(376,'UFN - Universidade Franciscana','Rio Grande do Sul'),(377,'UNIJUÍ - Universidade Regional do Noroeste do Estado do Rio Grande do Sul','Rio Grande do Sul'),(378,'UNIRITTER - Centro Universitário Ritter dos Reis','Rio Grande do Sul'),(379,'UNILASALLE-RJ - Universidade La Salle','Rio Grande do Sul'),(380,'UNISC - Universidade de Santa Cruz do Sul','Rio Grande do Sul'),(381,'UNISINOS - Universidade do Vale do Rio dos Sinos','Rio Grande do Sul'),(382,'UNIVATES - Universidade do Vale do Taquari','Rio Grande do Sul'),(383,'UPF - Universidade de Passo Fundo','Rio Grande do Sul'),(384,'URCAMP - Universidade da Região da Campanha','Rio Grande do Sul'),(385,'URI - Universidade Regional Integrada do Alto Uruguai e das Missões','Rio Grande do Sul'),(386,'ESMARGS - Escola Superior de Música e Artes do Rio Grande do Sul','Rio Grande do Sul'),(387,'ESPM - Escola Superior de Propaganda e Marketing','Rio Grande do Sul'),(388,'ESTEF - Escola Superior de Teologia e Espiritualidade Franciscana','Rio Grande do Sul'),(389,'Faculdade SOGIPA','Rio Grande do Sul'),(390,'FAACS - Faculdade Anglo-Americano de Caxias do Sul','Rio Grande do Sul'),(391,'FADERGS - Faculdade de Desenvolvimento do Rio Grande do Sul','Rio Grande do Sul'),(392,'FSG - Faculdade da Serra Gaúcha','Rio Grande do Sul'),(393,'IDEAU - Instituto de Desenvolvimento Educacional do Alto Uruguai (Getúlio Vargas)','Rio Grande do Sul'),(394,'SENAC - Faculdade do Serviço Nacional de Aprendizagem Comercial','Rio Grande do Sul'),(395,'SJT - Faculdades Integradas São Judas Tadeu','Rio Grande do Sul'),(396,'SLMANDIC - Faculdade de Odontologia São Leopoldo Mandic','Rio Grande do Sul'),(397,'UNIRITTER - Centro Universitário Ritter dos Reis','Rio Grande do Sul'),(398,'UNIR - Universidade Federal de Rondônia','Rondônia'),(399,'IFRO - Instituto Federal de Rondônia','Rondônia'),(400,'FCR - Faculdade Católica de Rondônia','Rondônia'),(401,'UNIFSL - Centro Universitário São Lucas de Porto Velho','Rondônia'),(402,'UNIFSL - Centro Universitário São Lucas de Ji-paraná','Rondônia'),(403,'FAMA - Faculdade da Amazônia','Rondônia'),(404,'UERR - Universidade Estadual de Roraima','Roraima'),(405,'UFRR - Universidade Federal de Roraima','Roraima'),(406,'IFRR - Instituto Federal de Roraima','Roraima'),(407,'FARES - Faculdade Roraimense de Ensino Superior','Roraima'),(408,'FURB - Fundação Universidade Regional de Blumenau','Santa Catarina'),(409,'SOCIESC - Sociedade Educacional de Santa Catarina','Santa Catarina'),(410,'UNESC - Universidade do Extremo Sul Catarinense','Santa Catarina'),(411,'FMP - Faculdade Municipal de Palhoça','Santa Catarina'),(412,'CEETEPS-Centro Estadual de Educação Tecnológica Paula Souza','Santa Catarina'),(413,'UDESC - Universidade do Estado de Santa Catarina','Santa Catarina'),(414,'UFFS - Universidade Federal da Fronteira Sul','Santa Catarina'),(415,'IFSC - Instituto Federal de Santa Catarina','Santa Catarina'),(416,'IFC - Instituto Federal Catarinense','Santa Catarina'),(417,'UFSC - Universidade Federal de Santa Catarina','Santa Catarina'),(418,'SENAC - Faculdade Senac - Santa Catarina','Santa Catarina'),(419,'UNOESC - Universidade do Oeste de Santa Catarina','Santa Catarina'),(420,'UNIASSELVI - Centro Universitário Leonardo da Vinci','Santa Catarina'),(421,'UNISUL - Universidade do Sul de Santa Catarina','Santa Catarina'),(422,'UNC - Universidade do Contestado','Santa Catarina'),(423,'UNIARP - Universidade Alto Vale do Rio do Peixe','Santa Catarina'),(424,'UNERJ - Centro Universitário de Jaraguá do Sul','Santa Catarina'),(425,'UNIVALI - Universidade do Vale do Itajaí','Santa Catarina'),(426,'UNIVILLE - Universidade da Região de Joinville','Santa Catarina'),(427,'UNOCHAPECÓ - Universidade Comunitária Regional de Chapecó','Santa Catarina'),(428,'UNIPLAC - Universidade do Planalto Catarinense','Santa Catarina'),(429,'UNISUL - Universidade do Sul de Santa Catarina','Santa Catarina'),(430,'Católica SC-Centro Universitário Católica de Santa Catarina','Santa Catarina'),(431,'UNIAVAN-Centro Universitário Avantis','Santa Catarina'),(432,'Cesusc-Complexo de Ensino Superior de Santa Catarina','Santa Catarina'),(433,'UNITAU - Universidade de Taubaté','São Paulo'),(434,'USCS - Universidade Municipal de São Caetano do Sul','São Paulo'),(435,'UNIFAE - Centro Universitário das Faculdades Associadas de Ensino','São Paulo'),(436,'Uni-FACEF - Centro Universitário de Franca','São Paulo'),(437,'CUFSA - Centro Universitário Fundação Santo André','São Paulo'),(438,'FACCAMP - Faculdade de Campo Limpo Paulista','São Paulo'),(439,'EEP/FUMEP - Escola de Engenharia de Piracicaba','São Paulo'),(440,'FDF - Faculdade de Direito de Franca','São Paulo'),(441,'FDSBC - Faculdade de Direito de São Bernardo do Campo','São Paulo'),(442,'FMABC - Faculdade de Medicina do ABC','São Paulo'),(443,'FMJ - Faculdade de Medicina de Jundiaí','São Paulo'),(444,'FAI - Faculdades Adamantinenses Integradas','São Paulo'),(445,'IMESA - Instituto Municipal de Ensino Superior de Assis','São Paulo'),(446,'FEA - Fundação Educacional Araçatuba','São Paulo'),(447,'USP - Universidade de São Paulo','São Paulo'),(448,'UNICAMP - Universidade Estadual de Campinas','São Paulo'),(449,'UNESP - Universidade Estadual Paulista','São Paulo'),(450,'UNIVESP - Universidade Virtual do Estado de São Paulo','São Paulo'),(451,'FAMEMA - Faculdade de Medicina de Marília','São Paulo'),(452,'FAMERP - Faculdade de Medicina de São José do Rio Preto','São Paulo'),(453,'FATEC - Faculdade de Tecnologia do Estado de São Paulo','São Paulo'),(454,'APMBB - Academia de Polícia Militar do Barro Branco','São Paulo'),(455,'Campus de Santo André da Universidade Federal do ABC - UFABC','São Paulo'),(456,'Campus de São José dos Campos da Universidade Federal de São Paulo - Unifesp','São Paulo'),(457,'UFSCar - Universidade Federal de São Carlos','São Paulo'),(458,'UNIFESP - Universidade Federal de São Paulo','São Paulo'),(459,'UFABC - Universidade Federal do ABC','São Paulo'),(460,'INPE-Instituto Nacional de Pesquisas Espaciais','São Paulo'),(461,'IFSP - Instituto Federal de Educação, Ciência e Tecnologia de São Paulo','São Paulo'),(462,'ITA - Instituto Tecnológico de Aeronáutica','São Paulo'),(463,'AFA - Academia da Força Aérea','São Paulo'),(464,'PUC-SP - Pontifícia Universidade Católica de São Paulo','São Paulo'),(465,'PUC-Campinas - Pontifícia Universidade Católica de Campinas','São Paulo'),(466,'UNIARA - Universidade de Araraquara','São Paulo'),(467,'UNISA - Universidade de Santo Amaro','São Paulo'),(468,'UNISANTOS - Universidade Católica de Santos','São Paulo'),(469,'UNIVAP - Universidade do Vale do Paraíba','São Paulo'),(470,'UNOESTE - Universidade do Oeste Paulista','São Paulo'),(471,'USF - Universidade São Francisco','São Paulo'),(472,'UNISANTANNA - Universidade SantAnna','São Paulo'),(473,'UMESP - Universidade Metodista de São Paulo','São Paulo'),(474,'UNAERP - Universidade de Ribeirão Preto','São Paulo'),(475,'MACK - Universidade Presbiteriana Mackenzie','São Paulo'),(476,'UNIMEP - Universidade Metodista de Piracicaba','São Paulo'),(477,'UNICASTELO - Universidade Camilo Castelo Branco','São Paulo'),(478,'UNISAGRADO-Universidade do Sagrado Coração','São Paulo'),(479,'UNISAL - Centro Universitário Salesiano de São Paulo','São Paulo'),(480,'UNICID - Universidade Cidade de São Paulo','São Paulo'),(481,'CUSC - Centro Universitário São Camilo','São Paulo'),(482,'FEBASP - Centro Universitário Belas Artes de São Paulo','São Paulo'),(483,'FEI - Centro Universitário FEI','São Paulo'),(484,'UNIFEV - Centro Universitário de Votuporanga','São Paulo'),(485,'FMU - Centro Universitário das Faculdades Metropolitanas Unidas','São Paulo'),(486,'SENAC - Centro Universitário Senac','São Paulo'),(487,'UNASP - Centro Universitário Adventista de São Paulo','São Paulo'),(488,'UNICEP - Centro Universitário Central Paulista','São Paulo'),(489,'UNIFAI - Centro Universitário Assunção','São Paulo'),(490,'UNIFEB - Centro Universitário da Fundação Educacional de Barretos','São Paulo'),(491,'UNIFEOB - Centro Universitário Octávio Bastos','São Paulo'),(492,'UNIFIEO - Centro Universitário FIEO','São Paulo'),(493,'UNILAGO - União das Faculdades dos Grandes Lagos','São Paulo'),(494,'UNIMONTE - Centro Universitário Monte Serrat','São Paulo'),(495,'UNIVEM - Centro Universitário Eurípedes de Marília','São Paulo'),(496,'ACCC - A.C.Camargo Cancer Center','São Paulo'),(497,'FCN - Faculdade Canção Nova','São Paulo'),(498,'BSP - Business School São Paulo','São Paulo'),(499,'FGV - Fundação Getúlio Vargas','São Paulo'),(500,'FECAP - Fundação Escola de Comércio Álvares Penteado','São Paulo'),(501,'ESPM - Escola Superior de Propaganda e Marketing','São Paulo'),(502,'ESAGS - Escola Superior de Administração e Gestão','São Paulo'),(503,'IMT - Instituto Mauá de Tecnologia','São Paulo'),(504,'FCL - Faculdade Cásper Líbero','São Paulo'),(505,'FAAP - Fundação Armando Álvares Penteado','São Paulo'),(506,'FACERES - Faculdade Ceres de Medicina','São Paulo'),(507,'Insper - Instituto de Ensino e Pesquisa','São Paulo'),(508,'IMT - Instituto Mauá de Tecnologia','São Paulo'),(509,'FESPSP - Fundação Escola de Sociologia e Política de São Paulo','São Paulo'),(510,'FRB - Faculdades Integradas Rio Branco','São Paulo'),(511,'FIO - Faculdades Integradas de Ourinhos','São Paulo'),(512,'FIRB - Faculdades Integradas Rio Branco','São Paulo'),(513,'FTML - Faculdade de Teologia Metodista Livre','São Paulo'),(514,'FAZP - Faculdade Zumbi dos Palmares','São Paulo'),(515,'FCMSCSP - Faculdade de Ciências Médicas da Santa Casa de São Paulo','São Paulo'),(516,'FDC - Fundação Dom Cabral','São Paulo'),(517,'FASM - Faculdade Santa Marcelina','São Paulo'),(518,'ICESP - Universidade Brasil','São Paulo'),(519,'ISES - Centro Universitário Sumaré','São Paulo'),(520,'ITE - Centro Universitário de Bauru','São Paulo'),(521,'UAM - Universidade Anhembi Morumbi','São Paulo'),(522,'UBC - Universidade Braz Cubas','São Paulo'),(523,'UMC - Universidade de Mogi das Cruzes','São Paulo'),(524,'UNG - Universidade Guarulhos','São Paulo'),(525,'UniABC - Universidade do Grande ABC','São Paulo'),(526,'UNIBAN - Universidade Bandeirante de São Paulo','São Paulo'),(527,'UNICSUL - Universidade Cruzeiro do Sul','São Paulo'),(528,'UNIFRAN - Universidade de Franca','São Paulo'),(529,'UNIMAR - Universidade de Marília','São Paulo'),(530,'UNINOVE - Universidade Nove de Julho','São Paulo'),(531,'UNIP - Universidade Paulista','São Paulo'),(532,'UNIMES - Universidade Metropolitana de Santos','São Paulo'),(533,'UNISANTA - Universidade Santa Cecília','São Paulo'),(534,'UNISO - Universidade de Sorocaba','São Paulo'),(535,'USJT - Universidade São Judas Tadeu','São Paulo'),(536,'UNITOLEDO-Centro Universitário Toledo','São Paulo'),(537,'FACAMP - Faculdades de Campinas','São Paulo'),(538,'FADI - Faculdade de Direito de Sorocaba','São Paulo'),(539,'FADISC - Faculdades Integradas de São Carlos','São Paulo'),(540,'FAM - Faculdade de Americana','São Paulo'),(541,'FIAP - Faculdade de Informática e Administração Paulista','São Paulo'),(542,'FADITU - Faculdade de Direito de Itu','São Paulo'),(543,'FIRB - Faculdades Integradas Rio Branco','São Paulo'),(544,'FIT - Faculdade Impacta Tecnologia','São Paulo'),(545,'FOC - Faculdades Oswaldo Cruz','São Paulo'),(546,'SLMANDIC - Faculdade de Odontologia e Centro de Pesquisas Odontológicas São Leopoldo Mandic','São Paulo'),(547,'ESEG - Escola Superior de Engenharia e Gestão','São Paulo'),(548,'UFS - Universidade Federal de Sergipe','Sergipe'),(549,'IFS - Instituto Federal de Sergipe','Sergipe'),(550,'Unit - Universidade Tiradentes','Sergipe'),(551,'FPD - Faculdade Pio Décimo ','Sergipe'),(552,'ESTÁCIO - Faculdade Estácio de Sergipe','Sergipe'),(553,'FANESE - Faculdade de Administração e Negócios de Sergipe','Sergipe'),(554,'FAMA - Faculdade Amadeus','Sergipe'),(555,'FSLF - Faculdade São Luis de França','Sergipe'),(556,'UNOPAR - Universidade Norte do Paraná','Sergipe'),(557,'FASER - Faculdade Sergipana','Sergipe'),(558,'FACAR - Faculdade de Aracaju','Sergipe'),(559,'UNIRB - Faculdade Serigy','Sergipe'),(560,'FAJAR - Faculdade Jardins','Sergipe'),(561,'FA - Faculdade Atlântico','Sergipe'),(562,'UniCOC - Sistema COC de Educação','Sergipe'),(563,'UNINASSAU - Faculdade Maurício de Nassau','Sergipe'),(564,'UnirG - Universidade de Gurupi','Tocantins'),(565,'UNITINS - Universidade Estadual do Tocantins','Tocantins'),(566,'IFTO - Instituto Federal do Tocantins','Tocantins'),(567,'UFT - Universidade Federal do Tocantins','Tocantins'),(568,'UNICATÓLICA - Centro Universitário Católica do Tocantins','Tocantins'),(569,'FACDO - Faculdade Católica Dom Orione','Tocantins'),(570,'CEULP/ULBRA - Centro Universitário Luterano de Palmas','Tocantins');
/*!40000 ALTER TABLE `faculdade` ENABLE KEYS */;
UNLOCK TABLES;

--
-- Temporary view structure for view `folha_salarial_UFMG`
--

DROP TABLE IF EXISTS `folha_salarial_UFMG`;
/*!50001 DROP VIEW IF EXISTS `folha_salarial_UFMG`*/;
SET @saved_cs_client     = @@character_set_client;
/*!50503 SET character_set_client = utf8mb4 */;
/*!50001 CREATE VIEW `folha_salarial_UFMG` AS SELECT 
 1 AS `nome_campus`,
 1 AS `folha_salarial_campus`*/;
SET character_set_client = @saved_cs_client;

--
-- Table structure for table `funcionario`
--

DROP TABLE IF EXISTS `funcionario`;
/*!40101 SET @saved_cs_client     = @@character_set_client */;
/*!50503 SET character_set_client = utf8mb4 */;
CREATE TABLE `funcionario` (
  `id` int NOT NULL AUTO_INCREMENT,
  `nome_funcionario` varchar(30) NOT NULL,
  `id_cargo` int DEFAULT NULL,
  `id_salario` int DEFAULT NULL,
  `id_campus` int DEFAULT NULL,
  PRIMARY KEY (`id`),
  KEY `id_cargo` (`id_cargo`),
  KEY `id_salario` (`id_salario`),
  KEY `fk_id_campus` (`id_campus`),
  CONSTRAINT `fk_id_campus` FOREIGN KEY (`id_campus`) REFERENCES `campus` (`id`),
  CONSTRAINT `funcionario_ibfk_1` FOREIGN KEY (`id_cargo`) REFERENCES `cargo` (`id`),
  CONSTRAINT `funcionario_ibfk_2` FOREIGN KEY (`id_salario`) REFERENCES `salario` (`id`)
) ENGINE=InnoDB AUTO_INCREMENT=3451 DEFAULT CHARSET=utf8mb4 COLLATE=utf8mb4_0900_ai_ci;
/*!40101 SET character_set_client = @saved_cs_client */;

--
-- Dumping data for table `funcionario`
--

LOCK TABLES `funcionario` WRITE;
/*!40000 ALTER TABLE `funcionario` DISABLE KEYS */;
INSERT INTO `funcionario` VALUES (1,'funcionario_e',1,1,180),(2,'funcionario_e',1,1,180),(3,'funcionario_e',1,1,180),(4,'funcionario_e',1,1,180),(5,'funcionario_e',1,1,180),(6,'funcionario_e',1,1,180),(7,'funcionario_e',1,1,180),(8,'funcionario_e',1,1,180),(9,'funcionario_e',1,1,180),(10,'funcionario_e',1,1,180),(11,'funcionario_e',1,1,180),(12,'funcionario_e',1,1,180),(13,'funcionario_e',1,1,180),(14,'funcionario_e',1,1,180),(15,'funcionario_e',1,1,180),(16,'funcionario_e',1,1,180),(17,'funcionario_e',1,1,180),(18,'funcionario_e',1,1,180),(19,'funcionario_e',1,1,180),(20,'funcionario_e',1,1,180),(21,'funcionario_e',1,1,180),(22,'funcionario_e',1,1,180),(23,'funcionario_e',1,1,180),(24,'funcionario_e',1,1,180),(25,'funcionario_e',1,1,180),(26,'funcionario_e',1,1,180),(27,'funcionario_e',1,1,180),(28,'funcionario_e',1,1,180),(29,'funcionario_e',1,1,180),(30,'funcionario_e',1,1,180),(31,'funcionario_e',1,1,180),(32,'funcionario_e',1,1,180),(33,'funcionario_e',1,1,180),(34,'funcionario_e',1,1,180),(35,'funcionario_e',1,1,180),(36,'funcionario_e',1,1,180),(37,'funcionario_e',1,1,180),(38,'funcionario_e',1,1,180),(39,'funcionario_e',1,1,180),(40,'funcionario_e',1,1,180),(41,'funcionario_e',1,1,180),(42,'funcionario_e',1,1,180),(43,'funcionario_e',1,1,180),(44,'funcionario_e',1,1,180),(45,'funcionario_e',1,1,180),(46,'funcionario_e',1,1,180),(47,'funcionario_e',1,1,180),(48,'funcionario_e',1,1,180),(49,'funcionario_e',1,1,180),(50,'funcionario_e',1,1,180),(51,'funcionario_sg',2,2,180),(52,'funcionario_sg',2,2,180),(53,'funcionario_sg',2,2,180),(54,'funcionario_sg',2,2,180),(55,'funcionario_sg',2,2,180),(56,'funcionario_sg',2,2,180),(57,'funcionario_sg',2,2,180),(58,'funcionario_sg',2,2,180),(59,'funcionario_sg',2,2,180),(60,'funcionario_sg',2,2,180),(61,'funcionario_sg',2,2,180),(62,'funcionario_sg',2,2,180),(63,'funcionario_sg',2,2,180),(64,'funcionario_sg',2,2,180),(65,'funcionario_sg',2,2,180),(66,'funcionario_sg',2,2,180),(67,'funcionario_sg',2,2,180),(68,'funcionario_sg',2,2,180),(69,'funcionario_sg',2,2,180),(70,'funcionario_sg',2,2,180),(71,'funcionario_sg',2,2,180),(72,'funcionario_sg',2,2,180),(73,'funcionario_sg',2,2,180),(74,'funcionario_sg',2,2,180),(75,'funcionario_sg',2,2,180),(76,'funcionario_sg',2,2,180),(77,'funcionario_sg',2,2,180),(78,'funcionario_sg',2,2,180),(79,'funcionario_sg',2,2,180),(80,'funcionario_sg',2,2,180),(81,'funcionario_sg',2,2,180),(82,'funcionario_sg',2,2,180),(83,'funcionario_sg',2,2,180),(84,'funcionario_sg',2,2,180),(85,'funcionario_sg',2,2,180),(86,'funcionario_sg',2,2,180),(87,'funcionario_sg',2,2,180),(88,'funcionario_sg',2,2,180),(89,'funcionario_sg',2,2,180),(90,'funcionario_sg',2,2,180),(91,'funcionario_sg',2,2,180),(92,'funcionario_sg',2,2,180),(93,'funcionario_sg',2,2,180),(94,'funcionario_sg',2,2,180),(95,'funcionario_sg',2,2,180),(96,'funcionario_sg',2,2,180),(97,'funcionario_sg',2,2,180),(98,'funcionario_sg',2,2,180),(99,'funcionario_sg',2,2,180),(100,'funcionario_sg',2,2,180),(101,'funcionario_sg',2,2,180),(102,'funcionario_sg',2,2,180),(103,'funcionario_sg',2,2,180),(104,'funcionario_sg',2,2,180),(105,'funcionario_sg',2,2,180),(106,'funcionario_sg',2,2,180),(107,'funcionario_sg',2,2,180),(108,'funcionario_sg',2,2,180),(109,'funcionario_sg',2,2,180),(110,'funcionario_sg',2,2,180),(111,'funcionario_sg',2,2,180),(112,'funcionario_sg',2,2,180),(113,'funcionario_sg',2,2,180),(114,'funcionario_sg',2,2,180),(115,'funcionario_sg',2,2,180),(116,'funcionario_sg',2,2,180),(117,'funcionario_sg',2,2,180),(118,'funcionario_sg',2,2,180),(119,'funcionario_sg',2,2,180),(120,'funcionario_sg',2,2,180),(121,'funcionario_sg',2,2,180),(122,'funcionario_sg',2,2,180),(123,'funcionario_sg',2,2,180),(124,'funcionario_sg',2,2,180),(125,'funcionario_sg',2,2,180),(126,'funcionario_sg',2,2,180),(127,'funcionario_sg',2,2,180),(128,'funcionario_sg',2,2,180),(129,'funcionario_sg',2,2,180),(130,'funcionario_sg',2,2,180),(131,'funcionario_sg',2,2,180),(132,'funcionario_sg',2,2,180),(133,'funcionario_sg',2,2,180),(134,'funcionario_sg',2,2,180),(135,'funcionario_sg',2,2,180),(136,'funcionario_sg',2,2,180),(137,'funcionario_sg',2,2,180),(138,'funcionario_sg',2,2,180),(139,'funcionario_sg',2,2,180),(140,'funcionario_sg',2,2,180),(141,'funcionario_sg',2,2,180),(142,'funcionario_sg',2,2,180),(143,'funcionario_sg',2,2,180),(144,'funcionario_sg',2,2,180),(145,'funcionario_sg',2,2,180),(146,'funcionario_sg',2,2,180),(147,'funcionario_sg',2,2,180),(148,'funcionario_sg',2,2,180),(149,'funcionario_sg',2,2,180),(150,'funcionario_sg',2,2,180),(151,'funcionario_sg',2,2,180),(152,'funcionario_sg',2,2,180),(153,'funcionario_sg',2,2,180),(154,'funcionario_sg',2,2,180),(155,'funcionario_sg',2,2,180),(156,'funcionario_sg',2,2,180),(157,'funcionario_sg',2,2,180),(158,'funcionario_sg',2,2,180),(159,'funcionario_sg',2,2,180),(160,'funcionario_sg',2,2,180),(161,'funcionario_sg',2,2,180),(162,'funcionario_sg',2,2,180),(163,'funcionario_sg',2,2,180),(164,'funcionario_sg',2,2,180),(165,'funcionario_sg',2,2,180),(166,'funcionario_sg',2,2,180),(167,'funcionario_sg',2,2,180),(168,'funcionario_sg',2,2,180),(169,'funcionario_sg',2,2,180),(170,'funcionario_sg',2,2,180),(171,'funcionario_sg',2,2,180),(172,'funcionario_sg',2,2,180),(173,'funcionario_sg',2,2,180),(174,'funcionario_sg',2,2,180),(175,'funcionario_sg',2,2,180),(176,'funcionario_sg',2,2,180),(177,'funcionario_sg',2,2,180),(178,'funcionario_sg',2,2,180),(179,'funcionario_sg',2,2,180),(180,'funcionario_sg',2,2,180),(181,'funcionario_sg',2,2,180),(182,'funcionario_sg',2,2,180),(183,'funcionario_sg',2,2,180),(184,'funcionario_sg',2,2,180),(185,'funcionario_sg',2,2,180),(186,'funcionario_sg',2,2,180),(187,'funcionario_sg',2,2,180),(188,'funcionario_sg',2,2,180),(189,'funcionario_sg',2,2,180),(190,'funcionario_sg',2,2,180),(191,'funcionario_sg',2,2,180),(192,'funcionario_sg',2,2,180),(193,'funcionario_sg',2,2,180),(194,'funcionario_sg',2,2,180),(195,'funcionario_sg',2,2,180),(196,'funcionario_sg',2,2,180),(197,'funcionario_sg',2,2,180),(198,'funcionario_sg',2,2,180),(199,'funcionario_sg',2,2,180),(200,'funcionario_sg',2,2,180),(201,'funcionario_sg',2,2,180),(202,'funcionario_sg',2,2,180),(203,'funcionario_sg',2,2,180),(204,'funcionario_sg',2,2,180),(205,'funcionario_sg',2,2,180),(206,'funcionario_sg',2,2,180),(207,'funcionario_sg',2,2,180),(208,'funcionario_sg',2,2,180),(209,'funcionario_sg',2,2,180),(210,'funcionario_sg',2,2,180),(211,'funcionario_sg',2,2,180),(212,'funcionario_sg',2,2,180),(213,'funcionario_sg',2,2,180),(214,'funcionario_sg',2,2,180),(215,'funcionario_sg',2,2,180),(216,'funcionario_sg',2,2,180),(217,'funcionario_sg',2,2,180),(218,'funcionario_sg',2,2,180),(219,'funcionario_sg',2,2,180),(220,'funcionario_sg',2,2,180),(221,'funcionario_sg',2,2,180),(222,'funcionario_sg',2,2,180),(223,'funcionario_sg',2,2,180),(224,'funcionario_sg',2,2,180),(225,'funcionario_sg',2,2,180),(226,'funcionario_sg',2,2,180),(227,'funcionario_sg',2,2,180),(228,'funcionario_sg',2,2,180),(229,'funcionario_sg',2,2,180),(230,'funcionario_sg',2,2,180),(231,'funcionario_sg',2,2,180),(232,'funcionario_sg',2,2,180),(233,'funcionario_sg',2,2,180),(234,'funcionario_sg',2,2,180),(235,'funcionario_sg',2,2,180),(236,'funcionario_sg',2,2,180),(237,'funcionario_sg',2,2,180),(238,'funcionario_sg',2,2,180),(239,'funcionario_sg',2,2,180),(240,'funcionario_sg',2,2,180),(241,'funcionario_sg',2,2,180),(242,'funcionario_sg',2,2,180),(243,'funcionario_sg',2,2,180),(244,'funcionario_sg',2,2,180),(245,'funcionario_sg',2,2,180),(246,'funcionario_sg',2,2,180),(247,'funcionario_sg',2,2,180),(248,'funcionario_sg',2,2,180),(249,'funcionario_sg',2,2,180),(250,'funcionario_sg',2,2,180),(251,'funcionario_sg',2,2,180),(252,'funcionario_sg',2,2,180),(253,'funcionario_sg',2,2,180),(254,'funcionario_sg',2,2,180),(255,'funcionario_sg',2,2,180),(256,'funcionario_sg',2,2,180),(257,'funcionario_sg',2,2,180),(258,'funcionario_sg',2,2,180),(259,'funcionario_sg',2,2,180),(260,'funcionario_sg',2,2,180),(261,'funcionario_sg',2,2,180),(262,'funcionario_sg',2,2,180),(263,'funcionario_sg',2,2,180),(264,'funcionario_sg',2,2,180),(265,'funcionario_sg',2,2,180),(266,'funcionario_sg',2,2,180),(267,'funcionario_sg',2,2,180),(268,'funcionario_sg',2,2,180),(269,'funcionario_sg',2,2,180),(270,'funcionario_sg',2,2,180),(271,'funcionario_sg',2,2,180),(272,'funcionario_sg',2,2,180),(273,'funcionario_sg',2,2,180),(274,'funcionario_sg',2,2,180),(275,'funcionario_sg',2,2,180),(276,'funcionario_sg',2,2,180),(277,'funcionario_sg',2,2,180),(278,'funcionario_sg',2,2,180),(279,'funcionario_sg',2,2,180),(280,'funcionario_sg',2,2,180),(281,'funcionario_sg',2,2,180),(282,'funcionario_sg',2,2,180),(283,'funcionario_sg',2,2,180),(284,'funcionario_sg',2,2,180),(285,'funcionario_sg',2,2,180),(286,'funcionario_sg',2,2,180),(287,'funcionario_sg',2,2,180),(288,'funcionario_sg',2,2,180),(289,'funcionario_sg',2,2,180),(290,'funcionario_sg',2,2,180),(291,'funcionario_sg',2,2,180),(292,'funcionario_sg',2,2,180),(293,'funcionario_sg',2,2,180),(294,'funcionario_sg',2,2,180),(295,'funcionario_sg',2,2,180),(296,'funcionario_sg',2,2,180),(297,'funcionario_sg',2,2,180),(298,'funcionario_sg',2,2,180),(299,'funcionario_sg',2,2,180),(300,'funcionario_sg',2,2,180),(301,'funcionario_sg',2,2,180),(302,'funcionario_sg',2,2,180),(303,'funcionario_sg',2,2,180),(304,'funcionario_sg',2,2,180),(305,'funcionario_sg',2,2,180),(306,'funcionario_sg',2,2,180),(307,'funcionario_sg',2,2,180),(308,'funcionario_sg',2,2,180),(309,'funcionario_sg',2,2,180),(310,'funcionario_sg',2,2,180),(311,'funcionario_sg',2,2,180),(312,'funcionario_sg',2,2,180),(313,'funcionario_sg',2,2,180),(314,'funcionario_sg',2,2,180),(315,'funcionario_sg',2,2,180),(316,'funcionario_sg',2,2,180),(317,'funcionario_sg',2,2,180),(318,'funcionario_sg',2,2,180),(319,'funcionario_sg',2,2,180),(320,'funcionario_sg',2,2,180),(321,'funcionario_sg',2,2,180),(322,'funcionario_sg',2,2,180),(323,'funcionario_sg',2,2,180),(324,'funcionario_sg',2,2,180),(325,'funcionario_sg',2,2,180),(326,'funcionario_sg',2,2,180),(327,'funcionario_sg',2,2,180),(328,'funcionario_sg',2,2,180),(329,'funcionario_sg',2,2,180),(330,'funcionario_sg',2,2,180),(331,'funcionario_sg',2,2,180),(332,'funcionario_sg',2,2,180),(333,'funcionario_sg',2,2,180),(334,'funcionario_sg',2,2,180),(335,'funcionario_sg',2,2,180),(336,'funcionario_sg',2,2,180),(337,'funcionario_sg',2,2,180),(338,'funcionario_sg',2,2,180),(339,'funcionario_sg',2,2,180),(340,'funcionario_sg',2,2,180),(341,'funcionario_sg',2,2,180),(342,'funcionario_sg',2,2,180),(343,'funcionario_sg',2,2,180),(344,'funcionario_sg',2,2,180),(345,'funcionario_sg',2,2,180),(346,'funcionario_sg',2,2,180),(347,'funcionario_sg',2,2,180),(348,'funcionario_sg',2,2,180),(349,'funcionario_sg',2,2,180),(350,'funcionario_sg',2,2,180),(351,'funcionario_sec',3,3,180),(352,'funcionario_sec',3,3,180),(353,'funcionario_sec',3,3,180),(354,'funcionario_sec',3,3,180),(355,'funcionario_sec',3,3,180),(356,'funcionario_sec',3,3,180),(357,'funcionario_sec',3,3,180),(358,'funcionario_sec',3,3,180),(359,'funcionario_sec',3,3,180),(360,'funcionario_sec',3,3,180),(361,'funcionario_sec',3,3,180),(362,'funcionario_sec',3,3,180),(363,'funcionario_sec',3,3,180),(364,'funcionario_sec',3,3,180),(365,'funcionario_sec',3,3,180),(366,'funcionario_sec',3,3,180),(367,'funcionario_sec',3,3,180),(368,'funcionario_sec',3,3,180),(369,'funcionario_sec',3,3,180),(370,'funcionario_sec',3,3,180),(371,'funcionario_sec',3,3,180),(372,'funcionario_sec',3,3,180),(373,'funcionario_sec',3,3,180),(374,'funcionario_sec',3,3,180),(375,'funcionario_sec',3,3,180),(376,'funcionario_sec',3,3,180),(377,'funcionario_sec',3,3,180),(378,'funcionario_sec',3,3,180),(379,'funcionario_sec',3,3,180),(380,'funcionario_sec',3,3,180),(381,'funcionario_sec',3,3,180),(382,'funcionario_sec',3,3,180),(383,'funcionario_sec',3,3,180),(384,'funcionario_sec',3,3,180),(385,'funcionario_sec',3,3,180),(386,'funcionario_sec',3,3,180),(387,'funcionario_sec',3,3,180),(388,'funcionario_sec',3,3,180),(389,'funcionario_sec',3,3,180),(390,'funcionario_sec',3,3,180),(391,'funcionario_sec',3,3,180),(392,'funcionario_sec',3,3,180),(393,'funcionario_sec',3,3,180),(394,'funcionario_sec',3,3,180),(395,'funcionario_sec',3,3,180),(396,'funcionario_sec',3,3,180),(397,'funcionario_sec',3,3,180),(398,'funcionario_sec',3,3,180),(399,'funcionario_sec',3,3,180),(400,'funcionario_sec',3,3,180),(401,'funcionario_sec',3,3,180),(402,'funcionario_sec',3,3,180),(403,'funcionario_sec',3,3,180),(404,'funcionario_sec',3,3,180),(405,'funcionario_sec',3,3,180),(406,'funcionario_sec',3,3,180),(407,'funcionario_sec',3,3,180),(408,'funcionario_sec',3,3,180),(409,'funcionario_sec',3,3,180),(410,'funcionario_sec',3,3,180),(411,'funcionario_sec',3,3,180),(412,'funcionario_sec',3,3,180),(413,'funcionario_sec',3,3,180),(414,'funcionario_sec',3,3,180),(415,'funcionario_sec',3,3,180),(416,'funcionario_sec',3,3,180),(417,'funcionario_sec',3,3,180),(418,'funcionario_sec',3,3,180),(419,'funcionario_sec',3,3,180),(420,'funcionario_sec',3,3,180),(421,'funcionario_sec',3,3,180),(422,'funcionario_sec',3,3,180),(423,'funcionario_sec',3,3,180),(424,'funcionario_sec',3,3,180),(425,'funcionario_sec',3,3,180),(426,'funcionario_sec',3,3,180),(427,'funcionario_sec',3,3,180),(428,'funcionario_sec',3,3,180),(429,'funcionario_sec',3,3,180),(430,'funcionario_sec',3,3,180),(431,'funcionario_sec',3,3,180),(432,'funcionario_sec',3,3,180),(433,'funcionario_sec',3,3,180),(434,'funcionario_sec',3,3,180),(435,'funcionario_sec',3,3,180),(436,'funcionario_sec',3,3,180),(437,'funcionario_sec',3,3,180),(438,'funcionario_sec',3,3,180),(439,'funcionario_sec',3,3,180),(440,'funcionario_sec',3,3,180),(441,'funcionario_sec',3,3,180),(442,'funcionario_sec',3,3,180),(443,'funcionario_sec',3,3,180),(444,'funcionario_sec',3,3,180),(445,'funcionario_sec',3,3,180),(446,'funcionario_sec',3,3,180),(447,'funcionario_sec',3,3,180),(448,'funcionario_sec',3,3,180),(449,'funcionario_sec',3,3,180),(450,'funcionario_sec',3,3,180),(451,'funcionario_sec',3,3,180),(452,'funcionario_sec',3,3,180),(453,'funcionario_sec',3,3,180),(454,'funcionario_sec',3,3,180),(455,'funcionario_sec',3,3,180),(456,'funcionario_sec',3,3,180),(457,'funcionario_sec',3,3,180),(458,'funcionario_sec',3,3,180),(459,'funcionario_sec',3,3,180),(460,'funcionario_sec',3,3,180),(461,'funcionario_sec',3,3,180),(462,'funcionario_sec',3,3,180),(463,'funcionario_sec',3,3,180),(464,'funcionario_sec',3,3,180),(465,'funcionario_sec',3,3,180),(466,'funcionario_sec',3,3,180),(467,'funcionario_sec',3,3,180),(468,'funcionario_sec',3,3,180),(469,'funcionario_sec',3,3,180),(470,'funcionario_sec',3,3,180),(471,'funcionario_sec',3,3,180),(472,'funcionario_sec',3,3,180),(473,'funcionario_sec',3,3,180),(474,'funcionario_sec',3,3,180),(475,'funcionario_sec',3,3,180),(476,'funcionario_sec',3,3,180),(477,'funcionario_sec',3,3,180),(478,'funcionario_sec',3,3,180),(479,'funcionario_sec',3,3,180),(480,'funcionario_sec',3,3,180),(481,'funcionario_sec',3,3,180),(482,'funcionario_sec',3,3,180),(483,'funcionario_sec',3,3,180),(484,'funcionario_sec',3,3,180),(485,'funcionario_sec',3,3,180),(486,'funcionario_sec',3,3,180),(487,'funcionario_sec',3,3,180),(488,'funcionario_sec',3,3,180),(489,'funcionario_sec',3,3,180),(490,'funcionario_sec',3,3,180),(491,'funcionario_sec',3,3,180),(492,'funcionario_sec',3,3,180),(493,'funcionario_sec',3,3,180),(494,'funcionario_sec',3,3,180),(495,'funcionario_sec',3,3,180),(496,'funcionario_sec',3,3,180),(497,'funcionario_sec',3,3,180),(498,'funcionario_sec',3,3,180),(499,'funcionario_sec',3,3,180),(500,'funcionario_sec',3,3,180),(501,'funcionario_sec',3,3,180),(502,'funcionario_sec',3,3,180),(503,'funcionario_sec',3,3,180),(504,'funcionario_sec',3,3,180),(505,'funcionario_sec',3,3,180),(506,'funcionario_sec',3,3,180),(507,'funcionario_sec',3,3,180),(508,'funcionario_sec',3,3,180),(509,'funcionario_sec',3,3,180),(510,'funcionario_sec',3,3,180),(511,'funcionario_sec',3,3,180),(512,'funcionario_sec',3,3,180),(513,'funcionario_sec',3,3,180),(514,'funcionario_sec',3,3,180),(515,'funcionario_sec',3,3,180),(516,'funcionario_sec',3,3,180),(517,'funcionario_sec',3,3,180),(518,'funcionario_sec',3,3,180),(519,'funcionario_sec',3,3,180),(520,'funcionario_sec',3,3,180),(521,'funcionario_sec',3,3,180),(522,'funcionario_sec',3,3,180),(523,'funcionario_sec',3,3,180),(524,'funcionario_sec',3,3,180),(525,'funcionario_sec',3,3,180),(526,'funcionario_sec',3,3,180),(527,'funcionario_sec',3,3,180),(528,'funcionario_sec',3,3,180),(529,'funcionario_sec',3,3,180),(530,'funcionario_sec',3,3,180),(531,'funcionario_sec',3,3,180),(532,'funcionario_sec',3,3,180),(533,'funcionario_sec',3,3,180),(534,'funcionario_sec',3,3,180),(535,'funcionario_sec',3,3,180),(536,'funcionario_sec',3,3,180),(537,'funcionario_sec',3,3,180),(538,'funcionario_sec',3,3,180),(539,'funcionario_sec',3,3,180),(540,'funcionario_sec',3,3,180),(541,'funcionario_sec',3,3,180),(542,'funcionario_sec',3,3,180),(543,'funcionario_sec',3,3,180),(544,'funcionario_sec',3,3,180),(545,'funcionario_sec',3,3,180),(546,'funcionario_sec',3,3,180),(547,'funcionario_sec',3,3,180),(548,'funcionario_sec',3,3,180),(549,'funcionario_sec',3,3,180),(550,'funcionario_sec',3,3,180),(551,'funcionario_sec',3,3,180),(552,'funcionario_sec',3,3,180),(553,'funcionario_sec',3,3,180),(554,'funcionario_sec',3,3,180),(555,'funcionario_sec',3,3,180),(556,'funcionario_sec',3,3,180),(557,'funcionario_sec',3,3,180),(558,'funcionario_sec',3,3,180),(559,'funcionario_sec',3,3,180),(560,'funcionario_sec',3,3,180),(561,'funcionario_sec',3,3,180),(562,'funcionario_sec',3,3,180),(563,'funcionario_sec',3,3,180),(564,'funcionario_sec',3,3,180),(565,'funcionario_sec',3,3,180),(566,'funcionario_sec',3,3,180),(567,'funcionario_sec',3,3,180),(568,'funcionario_sec',3,3,180),(569,'funcionario_sec',3,3,180),(570,'funcionario_sec',3,3,180),(571,'funcionario_sec',3,3,180),(572,'funcionario_sec',3,3,180),(573,'funcionario_sec',3,3,180),(574,'funcionario_sec',3,3,180),(575,'funcionario_sec',3,3,180),(576,'funcionario_sec',3,3,180),(577,'funcionario_sec',3,3,180),(578,'funcionario_sec',3,3,180),(579,'funcionario_sec',3,3,180),(580,'funcionario_sec',3,3,180),(581,'funcionario_sec',3,3,180),(582,'funcionario_sec',3,3,180),(583,'funcionario_sec',3,3,180),(584,'funcionario_sec',3,3,180),(585,'funcionario_sec',3,3,180),(586,'funcionario_sec',3,3,180),(587,'funcionario_sec',3,3,180),(588,'funcionario_sec',3,3,180),(589,'funcionario_sec',3,3,180),(590,'funcionario_sec',3,3,180),(591,'funcionario_sec',3,3,180),(592,'funcionario_sec',3,3,180),(593,'funcionario_sec',3,3,180),(594,'funcionario_sec',3,3,180),(595,'funcionario_sec',3,3,180),(596,'funcionario_sec',3,3,180),(597,'funcionario_sec',3,3,180),(598,'funcionario_sec',3,3,180),(599,'funcionario_sec',3,3,180),(600,'funcionario_sec',3,3,180),(601,'funcionario_sec',3,3,180),(602,'funcionario_sec',3,3,180),(603,'funcionario_sec',3,3,180),(604,'funcionario_sec',3,3,180),(605,'funcionario_sec',3,3,180),(606,'funcionario_sec',3,3,180),(607,'funcionario_sec',3,3,180),(608,'funcionario_sec',3,3,180),(609,'funcionario_sec',3,3,180),(610,'funcionario_sec',3,3,180),(611,'funcionario_sec',3,3,180),(612,'funcionario_sec',3,3,180),(613,'funcionario_sec',3,3,180),(614,'funcionario_sec',3,3,180),(615,'funcionario_sec',3,3,180),(616,'funcionario_sec',3,3,180),(617,'funcionario_sec',3,3,180),(618,'funcionario_sec',3,3,180),(619,'funcionario_sec',3,3,180),(620,'funcionario_sec',3,3,180),(621,'funcionario_sec',3,3,180),(622,'funcionario_sec',3,3,180),(623,'funcionario_sec',3,3,180),(624,'funcionario_sec',3,3,180),(625,'funcionario_sec',3,3,180),(626,'funcionario_sec',3,3,180),(627,'funcionario_sec',3,3,180),(628,'funcionario_sec',3,3,180),(629,'funcionario_sec',3,3,180),(630,'funcionario_sec',3,3,180),(631,'funcionario_sec',3,3,180),(632,'funcionario_sec',3,3,180),(633,'funcionario_sec',3,3,180),(634,'funcionario_sec',3,3,180),(635,'funcionario_sec',3,3,180),(636,'funcionario_sec',3,3,180),(637,'funcionario_sec',3,3,180),(638,'funcionario_sec',3,3,180),(639,'funcionario_sec',3,3,180),(640,'funcionario_sec',3,3,180),(641,'funcionario_sec',3,3,180),(642,'funcionario_sec',3,3,180),(643,'funcionario_sec',3,3,180),(644,'funcionario_sec',3,3,180),(645,'funcionario_sec',3,3,180),(646,'funcionario_sec',3,3,180),(647,'funcionario_sec',3,3,180),(648,'funcionario_sec',3,3,180),(649,'funcionario_sec',3,3,180),(650,'funcionario_sec',3,3,180),(651,'funcionario_p',4,4,180),(652,'funcionario_p',4,4,180),(653,'funcionario_p',4,4,180),(654,'funcionario_p',4,4,180),(655,'funcionario_p',4,4,180),(656,'funcionario_p',4,4,180),(657,'funcionario_p',4,4,180),(658,'funcionario_p',4,4,180),(659,'funcionario_p',4,4,180),(660,'funcionario_p',4,4,180),(661,'funcionario_p',4,4,180),(662,'funcionario_p',4,4,180),(663,'funcionario_p',4,4,180),(664,'funcionario_p',4,4,180),(665,'funcionario_p',4,4,180),(666,'funcionario_p',4,4,180),(667,'funcionario_p',4,4,180),(668,'funcionario_p',4,4,180),(669,'funcionario_p',4,4,180),(670,'funcionario_p',4,4,180),(671,'funcionario_p',4,4,180),(672,'funcionario_p',4,4,180),(673,'funcionario_p',4,4,180),(674,'funcionario_p',4,4,180),(675,'funcionario_p',4,4,180),(676,'funcionario_p',4,4,180),(677,'funcionario_p',4,4,180),(678,'funcionario_p',4,4,180),(679,'funcionario_p',4,4,180),(680,'funcionario_p',4,4,180),(681,'funcionario_p',4,4,180),(682,'funcionario_p',4,4,180),(683,'funcionario_p',4,4,180),(684,'funcionario_p',4,4,180),(685,'funcionario_p',4,4,180),(686,'funcionario_p',4,4,180),(687,'funcionario_p',4,4,180),(688,'funcionario_p',4,4,180),(689,'funcionario_p',4,4,180),(690,'funcionario_p',4,4,180),(691,'funcionario_p',4,4,180),(692,'funcionario_p',4,4,180),(693,'funcionario_p',4,4,180),(694,'funcionario_p',4,4,180),(695,'funcionario_p',4,4,180),(696,'funcionario_p',4,4,180),(697,'funcionario_p',4,4,180),(698,'funcionario_p',4,4,180),(699,'funcionario_p',4,4,180),(700,'funcionario_p',4,4,180),(701,'funcionario_p',4,4,180),(702,'funcionario_p',4,4,180),(703,'funcionario_p',4,4,180),(704,'funcionario_p',4,4,180),(705,'funcionario_p',4,4,180),(706,'funcionario_p',4,4,180),(707,'funcionario_p',4,4,180),(708,'funcionario_p',4,4,180),(709,'funcionario_p',4,4,180),(710,'funcionario_p',4,4,180),(711,'funcionario_p',4,4,180),(712,'funcionario_p',4,4,180),(713,'funcionario_p',4,4,180),(714,'funcionario_p',4,4,180),(715,'funcionario_p',4,4,180),(716,'funcionario_p',4,4,180),(717,'funcionario_p',4,4,180),(718,'funcionario_p',4,4,180),(719,'funcionario_p',4,4,180),(720,'funcionario_p',4,4,180),(721,'funcionario_p',4,4,180),(722,'funcionario_p',4,4,180),(723,'funcionario_p',4,4,180),(724,'funcionario_p',4,4,180),(725,'funcionario_p',4,4,180),(726,'funcionario_p',4,4,180),(727,'funcionario_p',4,4,180),(728,'funcionario_p',4,4,180),(729,'funcionario_p',4,4,180),(730,'funcionario_p',4,4,180),(731,'funcionario_p',4,4,180),(732,'funcionario_p',4,4,180),(733,'funcionario_p',4,4,180),(734,'funcionario_p',4,4,180),(735,'funcionario_p',4,4,180),(736,'funcionario_p',4,4,180),(737,'funcionario_p',4,4,180),(738,'funcionario_p',4,4,180),(739,'funcionario_p',4,4,180),(740,'funcionario_p',4,4,180),(741,'funcionario_p',4,4,180),(742,'funcionario_p',4,4,180),(743,'funcionario_p',4,4,180),(744,'funcionario_p',4,4,180),(745,'funcionario_p',4,4,180),(746,'funcionario_p',4,4,180),(747,'funcionario_p',4,4,180),(748,'funcionario_p',4,4,180),(749,'funcionario_p',4,4,180),(750,'funcionario_p',4,4,180),(751,'funcionario_p',4,4,180),(752,'funcionario_p',4,4,180),(753,'funcionario_p',4,4,180),(754,'funcionario_p',4,4,180),(755,'funcionario_p',4,4,180),(756,'funcionario_p',4,4,180),(757,'funcionario_p',4,4,180),(758,'funcionario_p',4,4,180),(759,'funcionario_p',4,4,180),(760,'funcionario_p',4,4,180),(761,'funcionario_p',4,4,180),(762,'funcionario_p',4,4,180),(763,'funcionario_p',4,4,180),(764,'funcionario_p',4,4,180),(765,'funcionario_p',4,4,180),(766,'funcionario_p',4,4,180),(767,'funcionario_p',4,4,180),(768,'funcionario_p',4,4,180),(769,'funcionario_p',4,4,180),(770,'funcionario_p',4,4,180),(771,'funcionario_p',4,4,180),(772,'funcionario_p',4,4,180),(773,'funcionario_p',4,4,180),(774,'funcionario_p',4,4,180),(775,'funcionario_p',4,4,180),(776,'funcionario_p',4,4,180),(777,'funcionario_p',4,4,180),(778,'funcionario_p',4,4,180),(779,'funcionario_p',4,4,180),(780,'funcionario_p',4,4,180),(781,'funcionario_p',4,4,180),(782,'funcionario_p',4,4,180),(783,'funcionario_p',4,4,180),(784,'funcionario_p',4,4,180),(785,'funcionario_p',4,4,180),(786,'funcionario_p',4,4,180),(787,'funcionario_p',4,4,180),(788,'funcionario_p',4,4,180),(789,'funcionario_p',4,4,180),(790,'funcionario_p',4,4,180),(791,'funcionario_p',4,4,180),(792,'funcionario_p',4,4,180),(793,'funcionario_p',4,4,180),(794,'funcionario_p',4,4,180),(795,'funcionario_p',4,4,180),(796,'funcionario_p',4,4,180),(797,'funcionario_p',4,4,180),(798,'funcionario_p',4,4,180),(799,'funcionario_p',4,4,180),(800,'funcionario_p',4,4,180),(801,'funcionario_p',4,4,180),(802,'funcionario_p',4,4,180),(803,'funcionario_p',4,4,180),(804,'funcionario_p',4,4,180),(805,'funcionario_p',4,4,180),(806,'funcionario_p',4,4,180),(807,'funcionario_p',4,4,180),(808,'funcionario_p',4,4,180),(809,'funcionario_p',4,4,180),(810,'funcionario_p',4,4,180),(811,'funcionario_p',4,4,180),(812,'funcionario_p',4,4,180),(813,'funcionario_p',4,4,180),(814,'funcionario_p',4,4,180),(815,'funcionario_p',4,4,180),(816,'funcionario_p',4,4,180),(817,'funcionario_p',4,4,180),(818,'funcionario_p',4,4,180),(819,'funcionario_p',4,4,180),(820,'funcionario_p',4,4,180),(821,'funcionario_p',4,4,180),(822,'funcionario_p',4,4,180),(823,'funcionario_p',4,4,180),(824,'funcionario_p',4,4,180),(825,'funcionario_p',4,4,180),(826,'funcionario_p',4,4,180),(827,'funcionario_p',4,4,180),(828,'funcionario_p',4,4,180),(829,'funcionario_p',4,4,180),(830,'funcionario_p',4,4,180),(831,'funcionario_p',4,4,180),(832,'funcionario_p',4,4,180),(833,'funcionario_p',4,4,180),(834,'funcionario_p',4,4,180),(835,'funcionario_p',4,4,180),(836,'funcionario_p',4,4,180),(837,'funcionario_p',4,4,180),(838,'funcionario_p',4,4,180),(839,'funcionario_p',4,4,180),(840,'funcionario_p',4,4,180),(841,'funcionario_p',4,4,180),(842,'funcionario_p',4,4,180),(843,'funcionario_p',4,4,180),(844,'funcionario_p',4,4,180),(845,'funcionario_p',4,4,180),(846,'funcionario_p',4,4,180),(847,'funcionario_p',4,4,180),(848,'funcionario_p',4,4,180),(849,'funcionario_p',4,4,180),(850,'funcionario_p',4,4,180),(851,'funcionario_p',4,4,180),(852,'funcionario_p',4,4,180),(853,'funcionario_p',4,4,180),(854,'funcionario_p',4,4,180),(855,'funcionario_p',4,4,180),(856,'funcionario_p',4,4,180),(857,'funcionario_p',4,4,180),(858,'funcionario_p',4,4,180),(859,'funcionario_p',4,4,180),(860,'funcionario_p',4,4,180),(861,'funcionario_p',4,4,180),(862,'funcionario_p',4,4,180),(863,'funcionario_p',4,4,180),(864,'funcionario_p',4,4,180),(865,'funcionario_p',4,4,180),(866,'funcionario_p',4,4,180),(867,'funcionario_p',4,4,180),(868,'funcionario_p',4,4,180),(869,'funcionario_p',4,4,180),(870,'funcionario_p',4,4,180),(871,'funcionario_p',4,4,180),(872,'funcionario_p',4,4,180),(873,'funcionario_p',4,4,180),(874,'funcionario_p',4,4,180),(875,'funcionario_p',4,4,180),(876,'funcionario_p',4,4,180),(877,'funcionario_p',4,4,180),(878,'funcionario_p',4,4,180),(879,'funcionario_p',4,4,180),(880,'funcionario_p',4,4,180),(881,'funcionario_p',4,4,180),(882,'funcionario_p',4,4,180),(883,'funcionario_p',4,4,180),(884,'funcionario_p',4,4,180),(885,'funcionario_p',4,4,180),(886,'funcionario_p',4,4,180),(887,'funcionario_p',4,4,180),(888,'funcionario_p',4,4,180),(889,'funcionario_p',4,4,180),(890,'funcionario_p',4,4,180),(891,'funcionario_p',4,4,180),(892,'funcionario_p',4,4,180),(893,'funcionario_p',4,4,180),(894,'funcionario_p',4,4,180),(895,'funcionario_p',4,4,180),(896,'funcionario_p',4,4,180),(897,'funcionario_p',4,4,180),(898,'funcionario_p',4,4,180),(899,'funcionario_p',4,4,180),(900,'funcionario_p',4,4,180),(901,'funcionario_p',4,4,180),(902,'funcionario_p',4,4,180),(903,'funcionario_p',4,4,180),(904,'funcionario_p',4,4,180),(905,'funcionario_p',4,4,180),(906,'funcionario_p',4,4,180),(907,'funcionario_p',4,4,180),(908,'funcionario_p',4,4,180),(909,'funcionario_p',4,4,180),(910,'funcionario_p',4,4,180),(911,'funcionario_p',4,4,180),(912,'funcionario_p',4,4,180),(913,'funcionario_p',4,4,180),(914,'funcionario_p',4,4,180),(915,'funcionario_p',4,4,180),(916,'funcionario_p',4,4,180),(917,'funcionario_p',4,4,180),(918,'funcionario_p',4,4,180),(919,'funcionario_p',4,4,180),(920,'funcionario_p',4,4,180),(921,'funcionario_p',4,4,180),(922,'funcionario_p',4,4,180),(923,'funcionario_p',4,4,180),(924,'funcionario_p',4,4,180),(925,'funcionario_p',4,4,180),(926,'funcionario_p',4,4,180),(927,'funcionario_p',4,4,180),(928,'funcionario_p',4,4,180),(929,'funcionario_p',4,4,180),(930,'funcionario_p',4,4,180),(931,'funcionario_p',4,4,180),(932,'funcionario_p',4,4,180),(933,'funcionario_p',4,4,180),(934,'funcionario_p',4,4,180),(935,'funcionario_p',4,4,180),(936,'funcionario_p',4,4,180),(937,'funcionario_p',4,4,180),(938,'funcionario_p',4,4,180),(939,'funcionario_p',4,4,180),(940,'funcionario_p',4,4,180),(941,'funcionario_p',4,4,180),(942,'funcionario_p',4,4,180),(943,'funcionario_p',4,4,180),(944,'funcionario_p',4,4,180),(945,'funcionario_p',4,4,180),(946,'funcionario_p',4,4,180),(947,'funcionario_p',4,4,180),(948,'funcionario_p',4,4,180),(949,'funcionario_p',4,4,180),(950,'funcionario_p',4,4,180),(951,'funcionario_d',5,5,180),(952,'funcionario_d',5,5,180),(953,'funcionario_d',5,5,180),(954,'funcionario_d',5,5,180),(955,'funcionario_d',5,5,180),(956,'funcionario_d',5,5,180),(957,'funcionario_d',5,5,180),(958,'funcionario_d',5,5,180),(959,'funcionario_d',5,5,180),(960,'funcionario_d',5,5,180),(961,'funcionario_d',5,5,180),(962,'funcionario_d',5,5,180),(963,'funcionario_d',5,5,180),(964,'funcionario_d',5,5,180),(965,'funcionario_d',5,5,180),(966,'funcionario_d',5,5,180),(967,'funcionario_d',5,5,180),(968,'funcionario_d',5,5,180),(969,'funcionario_d',5,5,180),(970,'funcionario_d',5,5,180),(971,'funcionario_d',5,5,180),(972,'funcionario_d',5,5,180),(973,'funcionario_d',5,5,180),(974,'funcionario_d',5,5,180),(975,'funcionario_d',5,5,180),(976,'funcionario_d',5,5,180),(977,'funcionario_d',5,5,180),(978,'funcionario_d',5,5,180),(979,'funcionario_d',5,5,180),(980,'funcionario_d',5,5,180),(981,'funcionario_d',5,5,180),(982,'funcionario_d',5,5,180),(983,'funcionario_d',5,5,180),(984,'funcionario_d',5,5,180),(985,'funcionario_d',5,5,180),(986,'funcionario_d',5,5,180),(987,'funcionario_d',5,5,180),(988,'funcionario_d',5,5,180),(989,'funcionario_d',5,5,180),(990,'funcionario_d',5,5,180),(991,'funcionario_d',5,5,180),(992,'funcionario_d',5,5,180),(993,'funcionario_d',5,5,180),(994,'funcionario_d',5,5,180),(995,'funcionario_d',5,5,180),(996,'funcionario_d',5,5,180),(997,'funcionario_d',5,5,180),(998,'funcionario_d',5,5,180),(999,'funcionario_d',5,5,180),(1000,'funcionario_d',5,5,180),(1001,'funcionario_d',5,5,180),(1002,'funcionario_d',5,5,180),(1003,'funcionario_d',5,5,180),(1004,'funcionario_d',5,5,180),(1005,'funcionario_d',5,5,180),(1006,'funcionario_d',5,5,180),(1007,'funcionario_d',5,5,180),(1008,'funcionario_d',5,5,180),(1009,'funcionario_d',5,5,180),(1010,'funcionario_d',5,5,180),(1011,'funcionario_d',5,5,180),(1012,'funcionario_d',5,5,180),(1013,'funcionario_d',5,5,180),(1014,'funcionario_d',5,5,180),(1015,'funcionario_d',5,5,180),(1016,'funcionario_d',5,5,180),(1017,'funcionario_d',5,5,180),(1018,'funcionario_d',5,5,180),(1019,'funcionario_d',5,5,180),(1020,'funcionario_d',5,5,180),(1021,'funcionario_d',5,5,180),(1022,'funcionario_d',5,5,180),(1023,'funcionario_d',5,5,180),(1024,'funcionario_d',5,5,180),(1025,'funcionario_d',5,5,180),(1026,'funcionario_d',5,5,180),(1027,'funcionario_d',5,5,180),(1028,'funcionario_d',5,5,180),(1029,'funcionario_d',5,5,180),(1030,'funcionario_d',5,5,180),(1031,'funcionario_d',5,5,180),(1032,'funcionario_d',5,5,180),(1033,'funcionario_d',5,5,180),(1034,'funcionario_d',5,5,180),(1035,'funcionario_d',5,5,180),(1036,'funcionario_d',5,5,180),(1037,'funcionario_d',5,5,180),(1038,'funcionario_d',5,5,180),(1039,'funcionario_d',5,5,180),(1040,'funcionario_d',5,5,180),(1041,'funcionario_d',5,5,180),(1042,'funcionario_d',5,5,180),(1043,'funcionario_d',5,5,180),(1044,'funcionario_d',5,5,180),(1045,'funcionario_d',5,5,180),(1046,'funcionario_d',5,5,180),(1047,'funcionario_d',5,5,180),(1048,'funcionario_d',5,5,180),(1049,'funcionario_d',5,5,180),(1050,'funcionario_d',5,5,180),(1051,'funcionario_d',5,5,180),(1052,'funcionario_d',5,5,180),(1053,'funcionario_d',5,5,180),(1054,'funcionario_d',5,5,180),(1055,'funcionario_d',5,5,180),(1056,'funcionario_d',5,5,180),(1057,'funcionario_d',5,5,180),(1058,'funcionario_d',5,5,180),(1059,'funcionario_d',5,5,180),(1060,'funcionario_d',5,5,180),(1061,'funcionario_d',5,5,180),(1062,'funcionario_d',5,5,180),(1063,'funcionario_d',5,5,180),(1064,'funcionario_d',5,5,180),(1065,'funcionario_d',5,5,180),(1066,'funcionario_d',5,5,180),(1067,'funcionario_d',5,5,180),(1068,'funcionario_d',5,5,180),(1069,'funcionario_d',5,5,180),(1070,'funcionario_d',5,5,180),(1071,'funcionario_d',5,5,180),(1072,'funcionario_d',5,5,180),(1073,'funcionario_d',5,5,180),(1074,'funcionario_d',5,5,180),(1075,'funcionario_d',5,5,180),(1076,'funcionario_d',5,5,180),(1077,'funcionario_d',5,5,180),(1078,'funcionario_d',5,5,180),(1079,'funcionario_d',5,5,180),(1080,'funcionario_d',5,5,180),(1081,'funcionario_d',5,5,180),(1082,'funcionario_d',5,5,180),(1083,'funcionario_d',5,5,180),(1084,'funcionario_d',5,5,180),(1085,'funcionario_d',5,5,180),(1086,'funcionario_d',5,5,180),(1087,'funcionario_d',5,5,180),(1088,'funcionario_d',5,5,180),(1089,'funcionario_d',5,5,180),(1090,'funcionario_d',5,5,180),(1091,'funcionario_d',5,5,180),(1092,'funcionario_d',5,5,180),(1093,'funcionario_d',5,5,180),(1094,'funcionario_d',5,5,180),(1095,'funcionario_d',5,5,180),(1096,'funcionario_d',5,5,180),(1097,'funcionario_d',5,5,180),(1098,'funcionario_d',5,5,180),(1099,'funcionario_d',5,5,180),(1100,'funcionario_d',5,5,180),(1101,'funcionario_d',5,5,180),(1102,'funcionario_d',5,5,180),(1103,'funcionario_d',5,5,180),(1104,'funcionario_d',5,5,180),(1105,'funcionario_d',5,5,180),(1106,'funcionario_d',5,5,180),(1107,'funcionario_d',5,5,180),(1108,'funcionario_d',5,5,180),(1109,'funcionario_d',5,5,180),(1110,'funcionario_d',5,5,180),(1111,'funcionario_d',5,5,180),(1112,'funcionario_d',5,5,180),(1113,'funcionario_d',5,5,180),(1114,'funcionario_d',5,5,180),(1115,'funcionario_d',5,5,180),(1116,'funcionario_d',5,5,180),(1117,'funcionario_d',5,5,180),(1118,'funcionario_d',5,5,180),(1119,'funcionario_d',5,5,180),(1120,'funcionario_d',5,5,180),(1121,'funcionario_d',5,5,180),(1122,'funcionario_d',5,5,180),(1123,'funcionario_d',5,5,180),(1124,'funcionario_d',5,5,180),(1125,'funcionario_d',5,5,180),(1126,'funcionario_d',5,5,180),(1127,'funcionario_d',5,5,180),(1128,'funcionario_d',5,5,180),(1129,'funcionario_d',5,5,180),(1130,'funcionario_d',5,5,180),(1131,'funcionario_d',5,5,180),(1132,'funcionario_d',5,5,180),(1133,'funcionario_d',5,5,180),(1134,'funcionario_d',5,5,180),(1135,'funcionario_d',5,5,180),(1136,'funcionario_d',5,5,180),(1137,'funcionario_d',5,5,180),(1138,'funcionario_d',5,5,180),(1139,'funcionario_d',5,5,180),(1140,'funcionario_d',5,5,180),(1141,'funcionario_d',5,5,180),(1142,'funcionario_d',5,5,180),(1143,'funcionario_d',5,5,180),(1144,'funcionario_d',5,5,180),(1145,'funcionario_d',5,5,180),(1146,'funcionario_d',5,5,180),(1147,'funcionario_d',5,5,180),(1148,'funcionario_d',5,5,180),(1149,'funcionario_d',5,5,180),(1150,'funcionario_d',5,5,180),(1151,'funcionario_e',1,1,NULL),(1152,'funcionario_e',1,1,NULL),(1153,'funcionario_e',1,1,NULL),(1154,'funcionario_e',1,1,NULL),(1155,'funcionario_e',1,1,NULL),(1156,'funcionario_e',1,1,NULL),(1157,'funcionario_e',1,1,NULL),(1158,'funcionario_e',1,1,NULL),(1159,'funcionario_e',1,1,NULL),(1160,'funcionario_e',1,1,NULL),(1161,'funcionario_e',1,1,NULL),(1162,'funcionario_e',1,1,NULL),(1163,'funcionario_e',1,1,NULL),(1164,'funcionario_e',1,1,NULL),(1165,'funcionario_e',1,1,NULL),(1166,'funcionario_e',1,1,NULL),(1167,'funcionario_e',1,1,NULL),(1168,'funcionario_e',1,1,NULL),(1169,'funcionario_e',1,1,NULL),(1170,'funcionario_e',1,1,NULL),(1171,'funcionario_e',1,1,NULL),(1172,'funcionario_e',1,1,NULL),(1173,'funcionario_e',1,1,NULL),(1174,'funcionario_e',1,1,NULL),(1175,'funcionario_e',1,1,NULL),(1176,'funcionario_e',1,1,NULL),(1177,'funcionario_e',1,1,NULL),(1178,'funcionario_e',1,1,NULL),(1179,'funcionario_e',1,1,NULL),(1180,'funcionario_e',1,1,NULL),(1181,'funcionario_e',1,1,NULL),(1182,'funcionario_e',1,1,NULL),(1183,'funcionario_e',1,1,NULL),(1184,'funcionario_e',1,1,NULL),(1185,'funcionario_e',1,1,NULL),(1186,'funcionario_e',1,1,NULL),(1187,'funcionario_e',1,1,NULL),(1188,'funcionario_e',1,1,NULL),(1189,'funcionario_e',1,1,NULL),(1190,'funcionario_e',1,1,NULL),(1191,'funcionario_e',1,1,NULL),(1192,'funcionario_e',1,1,NULL),(1193,'funcionario_e',1,1,NULL),(1194,'funcionario_e',1,1,NULL),(1195,'funcionario_e',1,1,NULL),(1196,'funcionario_e',1,1,NULL),(1197,'funcionario_e',1,1,NULL),(1198,'funcionario_e',1,1,NULL),(1199,'funcionario_e',1,1,NULL),(1200,'funcionario_e',1,1,NULL),(1201,'funcionario_sg',2,2,NULL),(1202,'funcionario_sg',2,2,NULL),(1203,'funcionario_sg',2,2,NULL),(1204,'funcionario_sg',2,2,NULL),(1205,'funcionario_sg',2,2,NULL),(1206,'funcionario_sg',2,2,NULL),(1207,'funcionario_sg',2,2,NULL),(1208,'funcionario_sg',2,2,NULL),(1209,'funcionario_sg',2,2,NULL),(1210,'funcionario_sg',2,2,NULL),(1211,'funcionario_sg',2,2,NULL),(1212,'funcionario_sg',2,2,NULL),(1213,'funcionario_sg',2,2,NULL),(1214,'funcionario_sg',2,2,NULL),(1215,'funcionario_sg',2,2,NULL),(1216,'funcionario_sg',2,2,NULL),(1217,'funcionario_sg',2,2,NULL),(1218,'funcionario_sg',2,2,NULL),(1219,'funcionario_sg',2,2,NULL),(1220,'funcionario_sg',2,2,NULL),(1221,'funcionario_sg',2,2,NULL),(1222,'funcionario_sg',2,2,NULL),(1223,'funcionario_sg',2,2,NULL),(1224,'funcionario_sg',2,2,NULL),(1225,'funcionario_sg',2,2,NULL),(1226,'funcionario_sg',2,2,NULL),(1227,'funcionario_sg',2,2,NULL),(1228,'funcionario_sg',2,2,NULL),(1229,'funcionario_sg',2,2,NULL),(1230,'funcionario_sg',2,2,NULL),(1231,'funcionario_sg',2,2,NULL),(1232,'funcionario_sg',2,2,NULL),(1233,'funcionario_sg',2,2,NULL),(1234,'funcionario_sg',2,2,NULL),(1235,'funcionario_sg',2,2,NULL),(1236,'funcionario_sg',2,2,NULL),(1237,'funcionario_sg',2,2,NULL),(1238,'funcionario_sg',2,2,NULL),(1239,'funcionario_sg',2,2,NULL),(1240,'funcionario_sg',2,2,NULL),(1241,'funcionario_sg',2,2,NULL),(1242,'funcionario_sg',2,2,NULL),(1243,'funcionario_sg',2,2,NULL),(1244,'funcionario_sg',2,2,NULL),(1245,'funcionario_sg',2,2,NULL),(1246,'funcionario_sg',2,2,NULL),(1247,'funcionario_sg',2,2,NULL),(1248,'funcionario_sg',2,2,NULL),(1249,'funcionario_sg',2,2,NULL),(1250,'funcionario_sg',2,2,NULL),(1251,'funcionario_sg',2,2,NULL),(1252,'funcionario_sg',2,2,NULL),(1253,'funcionario_sg',2,2,NULL),(1254,'funcionario_sg',2,2,NULL),(1255,'funcionario_sg',2,2,NULL),(1256,'funcionario_sg',2,2,NULL),(1257,'funcionario_sg',2,2,NULL),(1258,'funcionario_sg',2,2,NULL),(1259,'funcionario_sg',2,2,NULL),(1260,'funcionario_sg',2,2,NULL),(1261,'funcionario_sg',2,2,NULL),(1262,'funcionario_sg',2,2,NULL),(1263,'funcionario_sg',2,2,NULL),(1264,'funcionario_sg',2,2,NULL),(1265,'funcionario_sg',2,2,NULL),(1266,'funcionario_sg',2,2,NULL),(1267,'funcionario_sg',2,2,NULL),(1268,'funcionario_sg',2,2,NULL),(1269,'funcionario_sg',2,2,NULL),(1270,'funcionario_sg',2,2,NULL),(1271,'funcionario_sg',2,2,NULL),(1272,'funcionario_sg',2,2,NULL),(1273,'funcionario_sg',2,2,NULL),(1274,'funcionario_sg',2,2,NULL),(1275,'funcionario_sg',2,2,NULL),(1276,'funcionario_sg',2,2,NULL),(1277,'funcionario_sg',2,2,NULL),(1278,'funcionario_sg',2,2,NULL),(1279,'funcionario_sg',2,2,NULL),(1280,'funcionario_sg',2,2,NULL),(1281,'funcionario_sg',2,2,NULL),(1282,'funcionario_sg',2,2,NULL),(1283,'funcionario_sg',2,2,NULL),(1284,'funcionario_sg',2,2,NULL),(1285,'funcionario_sg',2,2,NULL),(1286,'funcionario_sg',2,2,NULL),(1287,'funcionario_sg',2,2,NULL),(1288,'funcionario_sg',2,2,NULL),(1289,'funcionario_sg',2,2,NULL),(1290,'funcionario_sg',2,2,NULL),(1291,'funcionario_sg',2,2,NULL),(1292,'funcionario_sg',2,2,NULL),(1293,'funcionario_sg',2,2,NULL),(1294,'funcionario_sg',2,2,NULL),(1295,'funcionario_sg',2,2,NULL),(1296,'funcionario_sg',2,2,NULL),(1297,'funcionario_sg',2,2,NULL),(1298,'funcionario_sg',2,2,NULL),(1299,'funcionario_sg',2,2,NULL),(1300,'funcionario_sg',2,2,NULL),(1301,'funcionario_sg',2,2,NULL),(1302,'funcionario_sg',2,2,NULL),(1303,'funcionario_sg',2,2,NULL),(1304,'funcionario_sg',2,2,NULL),(1305,'funcionario_sg',2,2,NULL),(1306,'funcionario_sg',2,2,NULL),(1307,'funcionario_sg',2,2,NULL),(1308,'funcionario_sg',2,2,NULL),(1309,'funcionario_sg',2,2,NULL),(1310,'funcionario_sg',2,2,NULL),(1311,'funcionario_sg',2,2,NULL),(1312,'funcionario_sg',2,2,NULL),(1313,'funcionario_sg',2,2,NULL),(1314,'funcionario_sg',2,2,NULL),(1315,'funcionario_sg',2,2,NULL),(1316,'funcionario_sg',2,2,NULL),(1317,'funcionario_sg',2,2,NULL),(1318,'funcionario_sg',2,2,NULL),(1319,'funcionario_sg',2,2,NULL),(1320,'funcionario_sg',2,2,NULL),(1321,'funcionario_sg',2,2,NULL),(1322,'funcionario_sg',2,2,NULL),(1323,'funcionario_sg',2,2,NULL),(1324,'funcionario_sg',2,2,NULL),(1325,'funcionario_sg',2,2,NULL),(1326,'funcionario_sg',2,2,NULL),(1327,'funcionario_sg',2,2,NULL),(1328,'funcionario_sg',2,2,NULL),(1329,'funcionario_sg',2,2,NULL),(1330,'funcionario_sg',2,2,NULL),(1331,'funcionario_sg',2,2,NULL),(1332,'funcionario_sg',2,2,NULL),(1333,'funcionario_sg',2,2,NULL),(1334,'funcionario_sg',2,2,NULL),(1335,'funcionario_sg',2,2,NULL),(1336,'funcionario_sg',2,2,NULL),(1337,'funcionario_sg',2,2,NULL),(1338,'funcionario_sg',2,2,NULL),(1339,'funcionario_sg',2,2,NULL),(1340,'funcionario_sg',2,2,NULL),(1341,'funcionario_sg',2,2,NULL),(1342,'funcionario_sg',2,2,NULL),(1343,'funcionario_sg',2,2,NULL),(1344,'funcionario_sg',2,2,NULL),(1345,'funcionario_sg',2,2,NULL),(1346,'funcionario_sg',2,2,NULL),(1347,'funcionario_sg',2,2,NULL),(1348,'funcionario_sg',2,2,NULL),(1349,'funcionario_sg',2,2,NULL),(1350,'funcionario_sg',2,2,NULL),(1351,'funcionario_sg',2,2,NULL),(1352,'funcionario_sg',2,2,NULL),(1353,'funcionario_sg',2,2,NULL),(1354,'funcionario_sg',2,2,NULL),(1355,'funcionario_sg',2,2,NULL),(1356,'funcionario_sg',2,2,NULL),(1357,'funcionario_sg',2,2,NULL),(1358,'funcionario_sg',2,2,NULL),(1359,'funcionario_sg',2,2,NULL),(1360,'funcionario_sg',2,2,NULL),(1361,'funcionario_sg',2,2,NULL),(1362,'funcionario_sg',2,2,NULL),(1363,'funcionario_sg',2,2,NULL),(1364,'funcionario_sg',2,2,NULL),(1365,'funcionario_sg',2,2,NULL),(1366,'funcionario_sg',2,2,NULL),(1367,'funcionario_sg',2,2,NULL),(1368,'funcionario_sg',2,2,NULL),(1369,'funcionario_sg',2,2,NULL),(1370,'funcionario_sg',2,2,NULL),(1371,'funcionario_sg',2,2,NULL),(1372,'funcionario_sg',2,2,NULL),(1373,'funcionario_sg',2,2,NULL),(1374,'funcionario_sg',2,2,NULL),(1375,'funcionario_sg',2,2,NULL),(1376,'funcionario_sg',2,2,NULL),(1377,'funcionario_sg',2,2,NULL),(1378,'funcionario_sg',2,2,NULL),(1379,'funcionario_sg',2,2,NULL),(1380,'funcionario_sg',2,2,NULL),(1381,'funcionario_sg',2,2,NULL),(1382,'funcionario_sg',2,2,NULL),(1383,'funcionario_sg',2,2,NULL),(1384,'funcionario_sg',2,2,NULL),(1385,'funcionario_sg',2,2,NULL),(1386,'funcionario_sg',2,2,NULL),(1387,'funcionario_sg',2,2,NULL),(1388,'funcionario_sg',2,2,NULL),(1389,'funcionario_sg',2,2,NULL),(1390,'funcionario_sg',2,2,NULL),(1391,'funcionario_sg',2,2,NULL),(1392,'funcionario_sg',2,2,NULL),(1393,'funcionario_sg',2,2,NULL),(1394,'funcionario_sg',2,2,NULL),(1395,'funcionario_sg',2,2,NULL),(1396,'funcionario_sg',2,2,NULL),(1397,'funcionario_sg',2,2,NULL),(1398,'funcionario_sg',2,2,NULL),(1399,'funcionario_sg',2,2,NULL),(1400,'funcionario_sg',2,2,NULL),(1401,'funcionario_sg',2,2,NULL),(1402,'funcionario_sg',2,2,NULL),(1403,'funcionario_sg',2,2,NULL),(1404,'funcionario_sg',2,2,NULL),(1405,'funcionario_sg',2,2,NULL),(1406,'funcionario_sg',2,2,NULL),(1407,'funcionario_sg',2,2,NULL),(1408,'funcionario_sg',2,2,NULL),(1409,'funcionario_sg',2,2,NULL),(1410,'funcionario_sg',2,2,NULL),(1411,'funcionario_sg',2,2,NULL),(1412,'funcionario_sg',2,2,NULL),(1413,'funcionario_sg',2,2,NULL),(1414,'funcionario_sg',2,2,NULL),(1415,'funcionario_sg',2,2,NULL),(1416,'funcionario_sg',2,2,NULL),(1417,'funcionario_sg',2,2,NULL),(1418,'funcionario_sg',2,2,NULL),(1419,'funcionario_sg',2,2,NULL),(1420,'funcionario_sg',2,2,NULL),(1421,'funcionario_sg',2,2,NULL),(1422,'funcionario_sg',2,2,NULL),(1423,'funcionario_sg',2,2,NULL),(1424,'funcionario_sg',2,2,NULL),(1425,'funcionario_sg',2,2,NULL),(1426,'funcionario_sg',2,2,NULL),(1427,'funcionario_sg',2,2,NULL),(1428,'funcionario_sg',2,2,NULL),(1429,'funcionario_sg',2,2,NULL),(1430,'funcionario_sg',2,2,NULL),(1431,'funcionario_sg',2,2,NULL),(1432,'funcionario_sg',2,2,NULL),(1433,'funcionario_sg',2,2,NULL),(1434,'funcionario_sg',2,2,NULL),(1435,'funcionario_sg',2,2,NULL),(1436,'funcionario_sg',2,2,NULL),(1437,'funcionario_sg',2,2,NULL),(1438,'funcionario_sg',2,2,NULL),(1439,'funcionario_sg',2,2,NULL),(1440,'funcionario_sg',2,2,NULL),(1441,'funcionario_sg',2,2,NULL),(1442,'funcionario_sg',2,2,NULL),(1443,'funcionario_sg',2,2,NULL),(1444,'funcionario_sg',2,2,NULL),(1445,'funcionario_sg',2,2,NULL),(1446,'funcionario_sg',2,2,NULL),(1447,'funcionario_sg',2,2,NULL),(1448,'funcionario_sg',2,2,NULL),(1449,'funcionario_sg',2,2,NULL),(1450,'funcionario_sg',2,2,NULL),(1451,'funcionario_sg',2,2,NULL),(1452,'funcionario_sg',2,2,NULL),(1453,'funcionario_sg',2,2,NULL),(1454,'funcionario_sg',2,2,NULL),(1455,'funcionario_sg',2,2,NULL),(1456,'funcionario_sg',2,2,NULL),(1457,'funcionario_sg',2,2,NULL),(1458,'funcionario_sg',2,2,NULL),(1459,'funcionario_sg',2,2,NULL),(1460,'funcionario_sg',2,2,NULL),(1461,'funcionario_sg',2,2,NULL),(1462,'funcionario_sg',2,2,NULL),(1463,'funcionario_sg',2,2,NULL),(1464,'funcionario_sg',2,2,NULL),(1465,'funcionario_sg',2,2,NULL),(1466,'funcionario_sg',2,2,NULL),(1467,'funcionario_sg',2,2,NULL),(1468,'funcionario_sg',2,2,NULL),(1469,'funcionario_sg',2,2,NULL),(1470,'funcionario_sg',2,2,NULL),(1471,'funcionario_sg',2,2,NULL),(1472,'funcionario_sg',2,2,NULL),(1473,'funcionario_sg',2,2,NULL),(1474,'funcionario_sg',2,2,NULL),(1475,'funcionario_sg',2,2,NULL),(1476,'funcionario_sg',2,2,NULL),(1477,'funcionario_sg',2,2,NULL),(1478,'funcionario_sg',2,2,NULL),(1479,'funcionario_sg',2,2,NULL),(1480,'funcionario_sg',2,2,NULL),(1481,'funcionario_sg',2,2,NULL),(1482,'funcionario_sg',2,2,NULL),(1483,'funcionario_sg',2,2,NULL),(1484,'funcionario_sg',2,2,NULL),(1485,'funcionario_sg',2,2,NULL),(1486,'funcionario_sg',2,2,NULL),(1487,'funcionario_sg',2,2,NULL),(1488,'funcionario_sg',2,2,NULL),(1489,'funcionario_sg',2,2,NULL),(1490,'funcionario_sg',2,2,NULL),(1491,'funcionario_sg',2,2,NULL),(1492,'funcionario_sg',2,2,NULL),(1493,'funcionario_sg',2,2,NULL),(1494,'funcionario_sg',2,2,NULL),(1495,'funcionario_sg',2,2,NULL),(1496,'funcionario_sg',2,2,NULL),(1497,'funcionario_sg',2,2,NULL),(1498,'funcionario_sg',2,2,NULL),(1499,'funcionario_sg',2,2,NULL),(1500,'funcionario_sg',2,2,NULL),(1501,'funcionario_sec',3,3,NULL),(1502,'funcionario_sec',3,3,NULL),(1503,'funcionario_sec',3,3,NULL),(1504,'funcionario_sec',3,3,NULL),(1505,'funcionario_sec',3,3,NULL),(1506,'funcionario_sec',3,3,NULL),(1507,'funcionario_sec',3,3,NULL),(1508,'funcionario_sec',3,3,NULL),(1509,'funcionario_sec',3,3,NULL),(1510,'funcionario_sec',3,3,NULL),(1511,'funcionario_sec',3,3,NULL),(1512,'funcionario_sec',3,3,NULL),(1513,'funcionario_sec',3,3,NULL),(1514,'funcionario_sec',3,3,NULL),(1515,'funcionario_sec',3,3,NULL),(1516,'funcionario_sec',3,3,NULL),(1517,'funcionario_sec',3,3,NULL),(1518,'funcionario_sec',3,3,NULL),(1519,'funcionario_sec',3,3,NULL),(1520,'funcionario_sec',3,3,NULL),(1521,'funcionario_sec',3,3,NULL),(1522,'funcionario_sec',3,3,NULL),(1523,'funcionario_sec',3,3,NULL),(1524,'funcionario_sec',3,3,NULL),(1525,'funcionario_sec',3,3,NULL),(1526,'funcionario_sec',3,3,NULL),(1527,'funcionario_sec',3,3,NULL),(1528,'funcionario_sec',3,3,NULL),(1529,'funcionario_sec',3,3,NULL),(1530,'funcionario_sec',3,3,NULL),(1531,'funcionario_sec',3,3,NULL),(1532,'funcionario_sec',3,3,NULL),(1533,'funcionario_sec',3,3,NULL),(1534,'funcionario_sec',3,3,NULL),(1535,'funcionario_sec',3,3,NULL),(1536,'funcionario_sec',3,3,NULL),(1537,'funcionario_sec',3,3,NULL),(1538,'funcionario_sec',3,3,NULL),(1539,'funcionario_sec',3,3,NULL),(1540,'funcionario_sec',3,3,NULL),(1541,'funcionario_sec',3,3,NULL),(1542,'funcionario_sec',3,3,NULL),(1543,'funcionario_sec',3,3,NULL),(1544,'funcionario_sec',3,3,NULL),(1545,'funcionario_sec',3,3,NULL),(1546,'funcionario_sec',3,3,NULL),(1547,'funcionario_sec',3,3,NULL),(1548,'funcionario_sec',3,3,NULL),(1549,'funcionario_sec',3,3,NULL),(1550,'funcionario_sec',3,3,NULL),(1551,'funcionario_sec',3,3,NULL),(1552,'funcionario_sec',3,3,NULL),(1553,'funcionario_sec',3,3,NULL),(1554,'funcionario_sec',3,3,NULL),(1555,'funcionario_sec',3,3,NULL),(1556,'funcionario_sec',3,3,NULL),(1557,'funcionario_sec',3,3,NULL),(1558,'funcionario_sec',3,3,NULL),(1559,'funcionario_sec',3,3,NULL),(1560,'funcionario_sec',3,3,NULL),(1561,'funcionario_sec',3,3,NULL),(1562,'funcionario_sec',3,3,NULL),(1563,'funcionario_sec',3,3,NULL),(1564,'funcionario_sec',3,3,NULL),(1565,'funcionario_sec',3,3,NULL),(1566,'funcionario_sec',3,3,NULL),(1567,'funcionario_sec',3,3,NULL),(1568,'funcionario_sec',3,3,NULL),(1569,'funcionario_sec',3,3,NULL),(1570,'funcionario_sec',3,3,NULL),(1571,'funcionario_sec',3,3,NULL),(1572,'funcionario_sec',3,3,NULL),(1573,'funcionario_sec',3,3,NULL),(1574,'funcionario_sec',3,3,NULL),(1575,'funcionario_sec',3,3,NULL),(1576,'funcionario_sec',3,3,NULL),(1577,'funcionario_sec',3,3,NULL),(1578,'funcionario_sec',3,3,NULL),(1579,'funcionario_sec',3,3,NULL),(1580,'funcionario_sec',3,3,NULL),(1581,'funcionario_sec',3,3,NULL),(1582,'funcionario_sec',3,3,NULL),(1583,'funcionario_sec',3,3,NULL),(1584,'funcionario_sec',3,3,NULL),(1585,'funcionario_sec',3,3,NULL),(1586,'funcionario_sec',3,3,NULL),(1587,'funcionario_sec',3,3,NULL),(1588,'funcionario_sec',3,3,NULL),(1589,'funcionario_sec',3,3,NULL),(1590,'funcionario_sec',3,3,NULL),(1591,'funcionario_sec',3,3,NULL),(1592,'funcionario_sec',3,3,NULL),(1593,'funcionario_sec',3,3,NULL),(1594,'funcionario_sec',3,3,NULL),(1595,'funcionario_sec',3,3,NULL),(1596,'funcionario_sec',3,3,NULL),(1597,'funcionario_sec',3,3,NULL),(1598,'funcionario_sec',3,3,NULL),(1599,'funcionario_sec',3,3,NULL),(1600,'funcionario_sec',3,3,NULL),(1601,'funcionario_sec',3,3,NULL),(1602,'funcionario_sec',3,3,NULL),(1603,'funcionario_sec',3,3,NULL),(1604,'funcionario_sec',3,3,NULL),(1605,'funcionario_sec',3,3,NULL),(1606,'funcionario_sec',3,3,NULL),(1607,'funcionario_sec',3,3,NULL),(1608,'funcionario_sec',3,3,NULL),(1609,'funcionario_sec',3,3,NULL),(1610,'funcionario_sec',3,3,NULL),(1611,'funcionario_sec',3,3,NULL),(1612,'funcionario_sec',3,3,NULL),(1613,'funcionario_sec',3,3,NULL),(1614,'funcionario_sec',3,3,NULL),(1615,'funcionario_sec',3,3,NULL),(1616,'funcionario_sec',3,3,NULL),(1617,'funcionario_sec',3,3,NULL),(1618,'funcionario_sec',3,3,NULL),(1619,'funcionario_sec',3,3,NULL),(1620,'funcionario_sec',3,3,NULL),(1621,'funcionario_sec',3,3,NULL),(1622,'funcionario_sec',3,3,NULL),(1623,'funcionario_sec',3,3,NULL),(1624,'funcionario_sec',3,3,NULL),(1625,'funcionario_sec',3,3,NULL),(1626,'funcionario_sec',3,3,NULL),(1627,'funcionario_sec',3,3,NULL),(1628,'funcionario_sec',3,3,NULL),(1629,'funcionario_sec',3,3,NULL),(1630,'funcionario_sec',3,3,NULL),(1631,'funcionario_sec',3,3,NULL),(1632,'funcionario_sec',3,3,NULL),(1633,'funcionario_sec',3,3,NULL),(1634,'funcionario_sec',3,3,NULL),(1635,'funcionario_sec',3,3,NULL),(1636,'funcionario_sec',3,3,NULL),(1637,'funcionario_sec',3,3,NULL),(1638,'funcionario_sec',3,3,NULL),(1639,'funcionario_sec',3,3,NULL),(1640,'funcionario_sec',3,3,NULL),(1641,'funcionario_sec',3,3,NULL),(1642,'funcionario_sec',3,3,NULL),(1643,'funcionario_sec',3,3,NULL),(1644,'funcionario_sec',3,3,NULL),(1645,'funcionario_sec',3,3,NULL),(1646,'funcionario_sec',3,3,NULL),(1647,'funcionario_sec',3,3,NULL),(1648,'funcionario_sec',3,3,NULL),(1649,'funcionario_sec',3,3,NULL),(1650,'funcionario_sec',3,3,NULL),(1651,'funcionario_sec',3,3,NULL),(1652,'funcionario_sec',3,3,NULL),(1653,'funcionario_sec',3,3,NULL),(1654,'funcionario_sec',3,3,NULL),(1655,'funcionario_sec',3,3,NULL),(1656,'funcionario_sec',3,3,NULL),(1657,'funcionario_sec',3,3,NULL),(1658,'funcionario_sec',3,3,NULL),(1659,'funcionario_sec',3,3,NULL),(1660,'funcionario_sec',3,3,NULL),(1661,'funcionario_sec',3,3,NULL),(1662,'funcionario_sec',3,3,NULL),(1663,'funcionario_sec',3,3,NULL),(1664,'funcionario_sec',3,3,NULL),(1665,'funcionario_sec',3,3,NULL),(1666,'funcionario_sec',3,3,NULL),(1667,'funcionario_sec',3,3,NULL),(1668,'funcionario_sec',3,3,NULL),(1669,'funcionario_sec',3,3,NULL),(1670,'funcionario_sec',3,3,NULL),(1671,'funcionario_sec',3,3,NULL),(1672,'funcionario_sec',3,3,NULL),(1673,'funcionario_sec',3,3,NULL),(1674,'funcionario_sec',3,3,NULL),(1675,'funcionario_sec',3,3,NULL),(1676,'funcionario_sec',3,3,NULL),(1677,'funcionario_sec',3,3,NULL),(1678,'funcionario_sec',3,3,NULL),(1679,'funcionario_sec',3,3,NULL),(1680,'funcionario_sec',3,3,NULL),(1681,'funcionario_sec',3,3,NULL),(1682,'funcionario_sec',3,3,NULL),(1683,'funcionario_sec',3,3,NULL),(1684,'funcionario_sec',3,3,NULL),(1685,'funcionario_sec',3,3,NULL),(1686,'funcionario_sec',3,3,NULL),(1687,'funcionario_sec',3,3,NULL),(1688,'funcionario_sec',3,3,NULL),(1689,'funcionario_sec',3,3,NULL),(1690,'funcionario_sec',3,3,NULL),(1691,'funcionario_sec',3,3,NULL),(1692,'funcionario_sec',3,3,NULL),(1693,'funcionario_sec',3,3,NULL),(1694,'funcionario_sec',3,3,NULL),(1695,'funcionario_sec',3,3,NULL),(1696,'funcionario_sec',3,3,NULL),(1697,'funcionario_sec',3,3,NULL),(1698,'funcionario_sec',3,3,NULL),(1699,'funcionario_sec',3,3,NULL),(1700,'funcionario_sec',3,3,NULL),(1701,'funcionario_sec',3,3,NULL),(1702,'funcionario_sec',3,3,NULL),(1703,'funcionario_sec',3,3,NULL),(1704,'funcionario_sec',3,3,NULL),(1705,'funcionario_sec',3,3,NULL),(1706,'funcionario_sec',3,3,NULL),(1707,'funcionario_sec',3,3,NULL),(1708,'funcionario_sec',3,3,NULL),(1709,'funcionario_sec',3,3,NULL),(1710,'funcionario_sec',3,3,NULL),(1711,'funcionario_sec',3,3,NULL),(1712,'funcionario_sec',3,3,NULL),(1713,'funcionario_sec',3,3,NULL),(1714,'funcionario_sec',3,3,NULL),(1715,'funcionario_sec',3,3,NULL),(1716,'funcionario_sec',3,3,NULL),(1717,'funcionario_sec',3,3,NULL),(1718,'funcionario_sec',3,3,NULL),(1719,'funcionario_sec',3,3,NULL),(1720,'funcionario_sec',3,3,NULL),(1721,'funcionario_sec',3,3,NULL),(1722,'funcionario_sec',3,3,NULL),(1723,'funcionario_sec',3,3,NULL),(1724,'funcionario_sec',3,3,NULL),(1725,'funcionario_sec',3,3,NULL),(1726,'funcionario_sec',3,3,NULL),(1727,'funcionario_sec',3,3,NULL),(1728,'funcionario_sec',3,3,NULL),(1729,'funcionario_sec',3,3,NULL),(1730,'funcionario_sec',3,3,NULL),(1731,'funcionario_sec',3,3,NULL),(1732,'funcionario_sec',3,3,NULL),(1733,'funcionario_sec',3,3,NULL),(1734,'funcionario_sec',3,3,NULL),(1735,'funcionario_sec',3,3,NULL),(1736,'funcionario_sec',3,3,NULL),(1737,'funcionario_sec',3,3,NULL),(1738,'funcionario_sec',3,3,NULL),(1739,'funcionario_sec',3,3,NULL),(1740,'funcionario_sec',3,3,NULL),(1741,'funcionario_sec',3,3,NULL),(1742,'funcionario_sec',3,3,NULL),(1743,'funcionario_sec',3,3,NULL),(1744,'funcionario_sec',3,3,NULL),(1745,'funcionario_sec',3,3,NULL),(1746,'funcionario_sec',3,3,NULL),(1747,'funcionario_sec',3,3,NULL),(1748,'funcionario_sec',3,3,NULL),(1749,'funcionario_sec',3,3,NULL),(1750,'funcionario_sec',3,3,NULL),(1751,'funcionario_sec',3,3,NULL),(1752,'funcionario_sec',3,3,NULL),(1753,'funcionario_sec',3,3,NULL),(1754,'funcionario_sec',3,3,NULL),(1755,'funcionario_sec',3,3,NULL),(1756,'funcionario_sec',3,3,NULL),(1757,'funcionario_sec',3,3,NULL),(1758,'funcionario_sec',3,3,NULL),(1759,'funcionario_sec',3,3,NULL),(1760,'funcionario_sec',3,3,NULL),(1761,'funcionario_sec',3,3,NULL),(1762,'funcionario_sec',3,3,NULL),(1763,'funcionario_sec',3,3,NULL),(1764,'funcionario_sec',3,3,NULL),(1765,'funcionario_sec',3,3,NULL),(1766,'funcionario_sec',3,3,NULL),(1767,'funcionario_sec',3,3,NULL),(1768,'funcionario_sec',3,3,NULL),(1769,'funcionario_sec',3,3,NULL),(1770,'funcionario_sec',3,3,NULL),(1771,'funcionario_sec',3,3,NULL),(1772,'funcionario_sec',3,3,NULL),(1773,'funcionario_sec',3,3,NULL),(1774,'funcionario_sec',3,3,NULL),(1775,'funcionario_sec',3,3,NULL),(1776,'funcionario_sec',3,3,NULL),(1777,'funcionario_sec',3,3,NULL),(1778,'funcionario_sec',3,3,NULL),(1779,'funcionario_sec',3,3,NULL),(1780,'funcionario_sec',3,3,NULL),(1781,'funcionario_sec',3,3,NULL),(1782,'funcionario_sec',3,3,NULL),(1783,'funcionario_sec',3,3,NULL),(1784,'funcionario_sec',3,3,NULL),(1785,'funcionario_sec',3,3,NULL),(1786,'funcionario_sec',3,3,NULL),(1787,'funcionario_sec',3,3,NULL),(1788,'funcionario_sec',3,3,NULL),(1789,'funcionario_sec',3,3,NULL),(1790,'funcionario_sec',3,3,NULL),(1791,'funcionario_sec',3,3,NULL),(1792,'funcionario_sec',3,3,NULL),(1793,'funcionario_sec',3,3,NULL),(1794,'funcionario_sec',3,3,NULL),(1795,'funcionario_sec',3,3,NULL),(1796,'funcionario_sec',3,3,NULL),(1797,'funcionario_sec',3,3,NULL),(1798,'funcionario_sec',3,3,NULL),(1799,'funcionario_sec',3,3,NULL),(1800,'funcionario_sec',3,3,NULL),(1801,'funcionario_p',4,4,NULL),(1802,'funcionario_p',4,4,NULL),(1803,'funcionario_p',4,4,NULL),(1804,'funcionario_p',4,4,NULL),(1805,'funcionario_p',4,4,NULL),(1806,'funcionario_p',4,4,NULL),(1807,'funcionario_p',4,4,NULL),(1808,'funcionario_p',4,4,NULL),(1809,'funcionario_p',4,4,NULL),(1810,'funcionario_p',4,4,NULL),(1811,'funcionario_p',4,4,NULL),(1812,'funcionario_p',4,4,NULL),(1813,'funcionario_p',4,4,NULL),(1814,'funcionario_p',4,4,NULL),(1815,'funcionario_p',4,4,NULL),(1816,'funcionario_p',4,4,NULL),(1817,'funcionario_p',4,4,NULL),(1818,'funcionario_p',4,4,NULL),(1819,'funcionario_p',4,4,NULL),(1820,'funcionario_p',4,4,NULL),(1821,'funcionario_p',4,4,NULL),(1822,'funcionario_p',4,4,NULL),(1823,'funcionario_p',4,4,NULL),(1824,'funcionario_p',4,4,NULL),(1825,'funcionario_p',4,4,NULL),(1826,'funcionario_p',4,4,NULL),(1827,'funcionario_p',4,4,NULL),(1828,'funcionario_p',4,4,NULL),(1829,'funcionario_p',4,4,NULL),(1830,'funcionario_p',4,4,NULL),(1831,'funcionario_p',4,4,NULL),(1832,'funcionario_p',4,4,NULL),(1833,'funcionario_p',4,4,NULL),(1834,'funcionario_p',4,4,NULL),(1835,'funcionario_p',4,4,NULL),(1836,'funcionario_p',4,4,NULL),(1837,'funcionario_p',4,4,NULL),(1838,'funcionario_p',4,4,NULL),(1839,'funcionario_p',4,4,NULL),(1840,'funcionario_p',4,4,NULL),(1841,'funcionario_p',4,4,NULL),(1842,'funcionario_p',4,4,NULL),(1843,'funcionario_p',4,4,NULL),(1844,'funcionario_p',4,4,NULL),(1845,'funcionario_p',4,4,NULL),(1846,'funcionario_p',4,4,NULL),(1847,'funcionario_p',4,4,NULL),(1848,'funcionario_p',4,4,NULL),(1849,'funcionario_p',4,4,NULL),(1850,'funcionario_p',4,4,NULL),(1851,'funcionario_p',4,4,NULL),(1852,'funcionario_p',4,4,NULL),(1853,'funcionario_p',4,4,NULL),(1854,'funcionario_p',4,4,NULL),(1855,'funcionario_p',4,4,NULL),(1856,'funcionario_p',4,4,NULL),(1857,'funcionario_p',4,4,NULL),(1858,'funcionario_p',4,4,NULL),(1859,'funcionario_p',4,4,NULL),(1860,'funcionario_p',4,4,NULL),(1861,'funcionario_p',4,4,NULL),(1862,'funcionario_p',4,4,NULL),(1863,'funcionario_p',4,4,NULL),(1864,'funcionario_p',4,4,NULL),(1865,'funcionario_p',4,4,NULL),(1866,'funcionario_p',4,4,NULL),(1867,'funcionario_p',4,4,NULL),(1868,'funcionario_p',4,4,NULL),(1869,'funcionario_p',4,4,NULL),(1870,'funcionario_p',4,4,NULL),(1871,'funcionario_p',4,4,NULL),(1872,'funcionario_p',4,4,NULL),(1873,'funcionario_p',4,4,NULL),(1874,'funcionario_p',4,4,NULL),(1875,'funcionario_p',4,4,NULL),(1876,'funcionario_p',4,4,NULL),(1877,'funcionario_p',4,4,NULL),(1878,'funcionario_p',4,4,NULL),(1879,'funcionario_p',4,4,NULL),(1880,'funcionario_p',4,4,NULL),(1881,'funcionario_p',4,4,NULL),(1882,'funcionario_p',4,4,NULL),(1883,'funcionario_p',4,4,NULL),(1884,'funcionario_p',4,4,NULL),(1885,'funcionario_p',4,4,NULL),(1886,'funcionario_p',4,4,NULL),(1887,'funcionario_p',4,4,NULL),(1888,'funcionario_p',4,4,NULL),(1889,'funcionario_p',4,4,NULL),(1890,'funcionario_p',4,4,NULL),(1891,'funcionario_p',4,4,NULL),(1892,'funcionario_p',4,4,NULL),(1893,'funcionario_p',4,4,NULL),(1894,'funcionario_p',4,4,NULL),(1895,'funcionario_p',4,4,NULL),(1896,'funcionario_p',4,4,NULL),(1897,'funcionario_p',4,4,NULL),(1898,'funcionario_p',4,4,NULL),(1899,'funcionario_p',4,4,NULL),(1900,'funcionario_p',4,4,NULL),(1901,'funcionario_p',4,4,NULL),(1902,'funcionario_p',4,4,NULL),(1903,'funcionario_p',4,4,NULL),(1904,'funcionario_p',4,4,NULL),(1905,'funcionario_p',4,4,NULL),(1906,'funcionario_p',4,4,NULL),(1907,'funcionario_p',4,4,NULL),(1908,'funcionario_p',4,4,NULL),(1909,'funcionario_p',4,4,NULL),(1910,'funcionario_p',4,4,NULL),(1911,'funcionario_p',4,4,NULL),(1912,'funcionario_p',4,4,NULL),(1913,'funcionario_p',4,4,NULL),(1914,'funcionario_p',4,4,NULL),(1915,'funcionario_p',4,4,NULL),(1916,'funcionario_p',4,4,NULL),(1917,'funcionario_p',4,4,NULL),(1918,'funcionario_p',4,4,NULL),(1919,'funcionario_p',4,4,NULL),(1920,'funcionario_p',4,4,NULL),(1921,'funcionario_p',4,4,NULL),(1922,'funcionario_p',4,4,NULL),(1923,'funcionario_p',4,4,NULL),(1924,'funcionario_p',4,4,NULL),(1925,'funcionario_p',4,4,NULL),(1926,'funcionario_p',4,4,NULL),(1927,'funcionario_p',4,4,NULL),(1928,'funcionario_p',4,4,NULL),(1929,'funcionario_p',4,4,NULL),(1930,'funcionario_p',4,4,NULL),(1931,'funcionario_p',4,4,NULL),(1932,'funcionario_p',4,4,NULL),(1933,'funcionario_p',4,4,NULL),(1934,'funcionario_p',4,4,NULL),(1935,'funcionario_p',4,4,NULL),(1936,'funcionario_p',4,4,NULL),(1937,'funcionario_p',4,4,NULL),(1938,'funcionario_p',4,4,NULL),(1939,'funcionario_p',4,4,NULL),(1940,'funcionario_p',4,4,NULL),(1941,'funcionario_p',4,4,NULL),(1942,'funcionario_p',4,4,NULL),(1943,'funcionario_p',4,4,NULL),(1944,'funcionario_p',4,4,NULL),(1945,'funcionario_p',4,4,NULL),(1946,'funcionario_p',4,4,NULL),(1947,'funcionario_p',4,4,NULL),(1948,'funcionario_p',4,4,NULL),(1949,'funcionario_p',4,4,NULL),(1950,'funcionario_p',4,4,NULL),(1951,'funcionario_p',4,4,NULL),(1952,'funcionario_p',4,4,NULL),(1953,'funcionario_p',4,4,NULL),(1954,'funcionario_p',4,4,NULL),(1955,'funcionario_p',4,4,NULL),(1956,'funcionario_p',4,4,NULL),(1957,'funcionario_p',4,4,NULL),(1958,'funcionario_p',4,4,NULL),(1959,'funcionario_p',4,4,NULL),(1960,'funcionario_p',4,4,NULL),(1961,'funcionario_p',4,4,NULL),(1962,'funcionario_p',4,4,NULL),(1963,'funcionario_p',4,4,NULL),(1964,'funcionario_p',4,4,NULL),(1965,'funcionario_p',4,4,NULL),(1966,'funcionario_p',4,4,NULL),(1967,'funcionario_p',4,4,NULL),(1968,'funcionario_p',4,4,NULL),(1969,'funcionario_p',4,4,NULL),(1970,'funcionario_p',4,4,NULL),(1971,'funcionario_p',4,4,NULL),(1972,'funcionario_p',4,4,NULL),(1973,'funcionario_p',4,4,NULL),(1974,'funcionario_p',4,4,NULL),(1975,'funcionario_p',4,4,NULL),(1976,'funcionario_p',4,4,NULL),(1977,'funcionario_p',4,4,NULL),(1978,'funcionario_p',4,4,NULL),(1979,'funcionario_p',4,4,NULL),(1980,'funcionario_p',4,4,NULL),(1981,'funcionario_p',4,4,NULL),(1982,'funcionario_p',4,4,NULL),(1983,'funcionario_p',4,4,NULL),(1984,'funcionario_p',4,4,NULL),(1985,'funcionario_p',4,4,NULL),(1986,'funcionario_p',4,4,NULL),(1987,'funcionario_p',4,4,NULL),(1988,'funcionario_p',4,4,NULL),(1989,'funcionario_p',4,4,NULL),(1990,'funcionario_p',4,4,NULL),(1991,'funcionario_p',4,4,NULL),(1992,'funcionario_p',4,4,NULL),(1993,'funcionario_p',4,4,NULL),(1994,'funcionario_p',4,4,NULL),(1995,'funcionario_p',4,4,NULL),(1996,'funcionario_p',4,4,NULL),(1997,'funcionario_p',4,4,NULL),(1998,'funcionario_p',4,4,NULL),(1999,'funcionario_p',4,4,NULL),(2000,'funcionario_p',4,4,NULL),(2001,'funcionario_p',4,4,NULL),(2002,'funcionario_p',4,4,NULL),(2003,'funcionario_p',4,4,NULL),(2004,'funcionario_p',4,4,NULL),(2005,'funcionario_p',4,4,NULL),(2006,'funcionario_p',4,4,NULL),(2007,'funcionario_p',4,4,NULL),(2008,'funcionario_p',4,4,NULL),(2009,'funcionario_p',4,4,NULL),(2010,'funcionario_p',4,4,NULL),(2011,'funcionario_p',4,4,NULL),(2012,'funcionario_p',4,4,NULL),(2013,'funcionario_p',4,4,NULL),(2014,'funcionario_p',4,4,NULL),(2015,'funcionario_p',4,4,NULL),(2016,'funcionario_p',4,4,NULL),(2017,'funcionario_p',4,4,NULL),(2018,'funcionario_p',4,4,NULL),(2019,'funcionario_p',4,4,NULL),(2020,'funcionario_p',4,4,NULL),(2021,'funcionario_p',4,4,NULL),(2022,'funcionario_p',4,4,NULL),(2023,'funcionario_p',4,4,NULL),(2024,'funcionario_p',4,4,NULL),(2025,'funcionario_p',4,4,NULL),(2026,'funcionario_p',4,4,NULL),(2027,'funcionario_p',4,4,NULL),(2028,'funcionario_p',4,4,NULL),(2029,'funcionario_p',4,4,NULL),(2030,'funcionario_p',4,4,NULL),(2031,'funcionario_p',4,4,NULL),(2032,'funcionario_p',4,4,NULL),(2033,'funcionario_p',4,4,NULL),(2034,'funcionario_p',4,4,NULL),(2035,'funcionario_p',4,4,NULL),(2036,'funcionario_p',4,4,NULL),(2037,'funcionario_p',4,4,NULL),(2038,'funcionario_p',4,4,NULL),(2039,'funcionario_p',4,4,NULL),(2040,'funcionario_p',4,4,NULL),(2041,'funcionario_p',4,4,NULL),(2042,'funcionario_p',4,4,NULL),(2043,'funcionario_p',4,4,NULL),(2044,'funcionario_p',4,4,NULL),(2045,'funcionario_p',4,4,NULL),(2046,'funcionario_p',4,4,NULL),(2047,'funcionario_p',4,4,NULL),(2048,'funcionario_p',4,4,NULL),(2049,'funcionario_p',4,4,NULL),(2050,'funcionario_p',4,4,NULL),(2051,'funcionario_p',4,4,NULL),(2052,'funcionario_p',4,4,NULL),(2053,'funcionario_p',4,4,NULL),(2054,'funcionario_p',4,4,NULL),(2055,'funcionario_p',4,4,NULL),(2056,'funcionario_p',4,4,NULL),(2057,'funcionario_p',4,4,NULL),(2058,'funcionario_p',4,4,NULL),(2059,'funcionario_p',4,4,NULL),(2060,'funcionario_p',4,4,NULL),(2061,'funcionario_p',4,4,NULL),(2062,'funcionario_p',4,4,NULL),(2063,'funcionario_p',4,4,NULL),(2064,'funcionario_p',4,4,NULL),(2065,'funcionario_p',4,4,NULL),(2066,'funcionario_p',4,4,NULL),(2067,'funcionario_p',4,4,NULL),(2068,'funcionario_p',4,4,NULL),(2069,'funcionario_p',4,4,NULL),(2070,'funcionario_p',4,4,NULL),(2071,'funcionario_p',4,4,NULL),(2072,'funcionario_p',4,4,NULL),(2073,'funcionario_p',4,4,NULL),(2074,'funcionario_p',4,4,NULL),(2075,'funcionario_p',4,4,NULL),(2076,'funcionario_p',4,4,NULL),(2077,'funcionario_p',4,4,NULL),(2078,'funcionario_p',4,4,NULL),(2079,'funcionario_p',4,4,NULL),(2080,'funcionario_p',4,4,NULL),(2081,'funcionario_p',4,4,NULL),(2082,'funcionario_p',4,4,NULL),(2083,'funcionario_p',4,4,NULL),(2084,'funcionario_p',4,4,NULL),(2085,'funcionario_p',4,4,NULL),(2086,'funcionario_p',4,4,NULL),(2087,'funcionario_p',4,4,NULL),(2088,'funcionario_p',4,4,NULL),(2089,'funcionario_p',4,4,NULL),(2090,'funcionario_p',4,4,NULL),(2091,'funcionario_p',4,4,NULL),(2092,'funcionario_p',4,4,NULL),(2093,'funcionario_p',4,4,NULL),(2094,'funcionario_p',4,4,NULL),(2095,'funcionario_p',4,4,NULL),(2096,'funcionario_p',4,4,NULL),(2097,'funcionario_p',4,4,NULL),(2098,'funcionario_p',4,4,NULL),(2099,'funcionario_p',4,4,NULL),(2100,'funcionario_p',4,4,NULL),(2101,'funcionario_d',5,5,NULL),(2102,'funcionario_d',5,5,NULL),(2103,'funcionario_d',5,5,NULL),(2104,'funcionario_d',5,5,NULL),(2105,'funcionario_d',5,5,NULL),(2106,'funcionario_d',5,5,NULL),(2107,'funcionario_d',5,5,NULL),(2108,'funcionario_d',5,5,NULL),(2109,'funcionario_d',5,5,NULL),(2110,'funcionario_d',5,5,NULL),(2111,'funcionario_d',5,5,NULL),(2112,'funcionario_d',5,5,NULL),(2113,'funcionario_d',5,5,NULL),(2114,'funcionario_d',5,5,NULL),(2115,'funcionario_d',5,5,NULL),(2116,'funcionario_d',5,5,NULL),(2117,'funcionario_d',5,5,NULL),(2118,'funcionario_d',5,5,NULL),(2119,'funcionario_d',5,5,NULL),(2120,'funcionario_d',5,5,NULL),(2121,'funcionario_d',5,5,NULL),(2122,'funcionario_d',5,5,NULL),(2123,'funcionario_d',5,5,NULL),(2124,'funcionario_d',5,5,NULL),(2125,'funcionario_d',5,5,NULL),(2126,'funcionario_d',5,5,NULL),(2127,'funcionario_d',5,5,NULL),(2128,'funcionario_d',5,5,NULL),(2129,'funcionario_d',5,5,NULL),(2130,'funcionario_d',5,5,NULL),(2131,'funcionario_d',5,5,NULL),(2132,'funcionario_d',5,5,NULL),(2133,'funcionario_d',5,5,NULL),(2134,'funcionario_d',5,5,NULL),(2135,'funcionario_d',5,5,NULL),(2136,'funcionario_d',5,5,NULL),(2137,'funcionario_d',5,5,NULL),(2138,'funcionario_d',5,5,NULL),(2139,'funcionario_d',5,5,NULL),(2140,'funcionario_d',5,5,NULL),(2141,'funcionario_d',5,5,NULL),(2142,'funcionario_d',5,5,NULL),(2143,'funcionario_d',5,5,NULL),(2144,'funcionario_d',5,5,NULL),(2145,'funcionario_d',5,5,NULL),(2146,'funcionario_d',5,5,NULL),(2147,'funcionario_d',5,5,NULL),(2148,'funcionario_d',5,5,NULL),(2149,'funcionario_d',5,5,NULL),(2150,'funcionario_d',5,5,NULL),(2151,'funcionario_d',5,5,NULL),(2152,'funcionario_d',5,5,NULL),(2153,'funcionario_d',5,5,NULL),(2154,'funcionario_d',5,5,NULL),(2155,'funcionario_d',5,5,NULL),(2156,'funcionario_d',5,5,NULL),(2157,'funcionario_d',5,5,NULL),(2158,'funcionario_d',5,5,NULL),(2159,'funcionario_d',5,5,NULL),(2160,'funcionario_d',5,5,NULL),(2161,'funcionario_d',5,5,NULL),(2162,'funcionario_d',5,5,NULL),(2163,'funcionario_d',5,5,NULL),(2164,'funcionario_d',5,5,NULL),(2165,'funcionario_d',5,5,NULL),(2166,'funcionario_d',5,5,NULL),(2167,'funcionario_d',5,5,NULL),(2168,'funcionario_d',5,5,NULL),(2169,'funcionario_d',5,5,NULL),(2170,'funcionario_d',5,5,NULL),(2171,'funcionario_d',5,5,NULL),(2172,'funcionario_d',5,5,NULL),(2173,'funcionario_d',5,5,NULL),(2174,'funcionario_d',5,5,NULL),(2175,'funcionario_d',5,5,NULL),(2176,'funcionario_d',5,5,NULL),(2177,'funcionario_d',5,5,NULL),(2178,'funcionario_d',5,5,NULL),(2179,'funcionario_d',5,5,NULL),(2180,'funcionario_d',5,5,NULL),(2181,'funcionario_d',5,5,NULL),(2182,'funcionario_d',5,5,NULL),(2183,'funcionario_d',5,5,NULL),(2184,'funcionario_d',5,5,NULL),(2185,'funcionario_d',5,5,NULL),(2186,'funcionario_d',5,5,NULL),(2187,'funcionario_d',5,5,NULL),(2188,'funcionario_d',5,5,NULL),(2189,'funcionario_d',5,5,NULL),(2190,'funcionario_d',5,5,NULL),(2191,'funcionario_d',5,5,NULL),(2192,'funcionario_d',5,5,NULL),(2193,'funcionario_d',5,5,NULL),(2194,'funcionario_d',5,5,NULL),(2195,'funcionario_d',5,5,NULL),(2196,'funcionario_d',5,5,NULL),(2197,'funcionario_d',5,5,NULL),(2198,'funcionario_d',5,5,NULL),(2199,'funcionario_d',5,5,NULL),(2200,'funcionario_d',5,5,NULL),(2201,'funcionario_d',5,5,NULL),(2202,'funcionario_d',5,5,NULL),(2203,'funcionario_d',5,5,NULL),(2204,'funcionario_d',5,5,NULL),(2205,'funcionario_d',5,5,NULL),(2206,'funcionario_d',5,5,NULL),(2207,'funcionario_d',5,5,NULL),(2208,'funcionario_d',5,5,NULL),(2209,'funcionario_d',5,5,NULL),(2210,'funcionario_d',5,5,NULL),(2211,'funcionario_d',5,5,NULL),(2212,'funcionario_d',5,5,NULL),(2213,'funcionario_d',5,5,NULL),(2214,'funcionario_d',5,5,NULL),(2215,'funcionario_d',5,5,NULL),(2216,'funcionario_d',5,5,NULL),(2217,'funcionario_d',5,5,NULL),(2218,'funcionario_d',5,5,NULL),(2219,'funcionario_d',5,5,NULL),(2220,'funcionario_d',5,5,NULL),(2221,'funcionario_d',5,5,NULL),(2222,'funcionario_d',5,5,NULL),(2223,'funcionario_d',5,5,NULL),(2224,'funcionario_d',5,5,NULL),(2225,'funcionario_d',5,5,NULL),(2226,'funcionario_d',5,5,NULL),(2227,'funcionario_d',5,5,NULL),(2228,'funcionario_d',5,5,NULL),(2229,'funcionario_d',5,5,NULL),(2230,'funcionario_d',5,5,NULL),(2231,'funcionario_d',5,5,NULL),(2232,'funcionario_d',5,5,NULL),(2233,'funcionario_d',5,5,NULL),(2234,'funcionario_d',5,5,NULL),(2235,'funcionario_d',5,5,NULL),(2236,'funcionario_d',5,5,NULL),(2237,'funcionario_d',5,5,NULL),(2238,'funcionario_d',5,5,NULL),(2239,'funcionario_d',5,5,NULL),(2240,'funcionario_d',5,5,NULL),(2241,'funcionario_d',5,5,NULL),(2242,'funcionario_d',5,5,NULL),(2243,'funcionario_d',5,5,NULL),(2244,'funcionario_d',5,5,NULL),(2245,'funcionario_d',5,5,NULL),(2246,'funcionario_d',5,5,NULL),(2247,'funcionario_d',5,5,NULL),(2248,'funcionario_d',5,5,NULL),(2249,'funcionario_d',5,5,NULL),(2250,'funcionario_d',5,5,NULL),(2251,'funcionario_d',5,5,NULL),(2252,'funcionario_d',5,5,NULL),(2253,'funcionario_d',5,5,NULL),(2254,'funcionario_d',5,5,NULL),(2255,'funcionario_d',5,5,NULL),(2256,'funcionario_d',5,5,NULL),(2257,'funcionario_d',5,5,NULL),(2258,'funcionario_d',5,5,NULL),(2259,'funcionario_d',5,5,NULL),(2260,'funcionario_d',5,5,NULL),(2261,'funcionario_d',5,5,NULL),(2262,'funcionario_d',5,5,NULL),(2263,'funcionario_d',5,5,NULL),(2264,'funcionario_d',5,5,NULL),(2265,'funcionario_d',5,5,NULL),(2266,'funcionario_d',5,5,NULL),(2267,'funcionario_d',5,5,NULL),(2268,'funcionario_d',5,5,NULL),(2269,'funcionario_d',5,5,NULL),(2270,'funcionario_d',5,5,NULL),(2271,'funcionario_d',5,5,NULL),(2272,'funcionario_d',5,5,NULL),(2273,'funcionario_d',5,5,NULL),(2274,'funcionario_d',5,5,NULL),(2275,'funcionario_d',5,5,NULL),(2276,'funcionario_d',5,5,NULL),(2277,'funcionario_d',5,5,NULL),(2278,'funcionario_d',5,5,NULL),(2279,'funcionario_d',5,5,NULL),(2280,'funcionario_d',5,5,NULL),(2281,'funcionario_d',5,5,NULL),(2282,'funcionario_d',5,5,NULL),(2283,'funcionario_d',5,5,NULL),(2284,'funcionario_d',5,5,NULL),(2285,'funcionario_d',5,5,NULL),(2286,'funcionario_d',5,5,NULL),(2287,'funcionario_d',5,5,NULL),(2288,'funcionario_d',5,5,NULL),(2289,'funcionario_d',5,5,NULL),(2290,'funcionario_d',5,5,NULL),(2291,'funcionario_d',5,5,NULL),(2292,'funcionario_d',5,5,NULL),(2293,'funcionario_d',5,5,NULL),(2294,'funcionario_d',5,5,NULL),(2295,'funcionario_d',5,5,NULL),(2296,'funcionario_d',5,5,NULL),(2297,'funcionario_d',5,5,NULL),(2298,'funcionario_d',5,5,NULL),(2299,'funcionario_d',5,5,NULL),(2300,'funcionario_d',5,5,NULL),(2301,'funcionario_e',1,1,NULL),(2302,'funcionario_e',1,1,NULL),(2303,'funcionario_e',1,1,NULL),(2304,'funcionario_e',1,1,NULL),(2305,'funcionario_e',1,1,NULL),(2306,'funcionario_e',1,1,NULL),(2307,'funcionario_e',1,1,NULL),(2308,'funcionario_e',1,1,NULL),(2309,'funcionario_e',1,1,NULL),(2310,'funcionario_e',1,1,NULL),(2311,'funcionario_e',1,1,NULL),(2312,'funcionario_e',1,1,NULL),(2313,'funcionario_e',1,1,NULL),(2314,'funcionario_e',1,1,NULL),(2315,'funcionario_e',1,1,NULL),(2316,'funcionario_e',1,1,NULL),(2317,'funcionario_e',1,1,NULL),(2318,'funcionario_e',1,1,NULL),(2319,'funcionario_e',1,1,NULL),(2320,'funcionario_e',1,1,NULL),(2321,'funcionario_e',1,1,NULL),(2322,'funcionario_e',1,1,NULL),(2323,'funcionario_e',1,1,NULL),(2324,'funcionario_e',1,1,NULL),(2325,'funcionario_e',1,1,NULL),(2326,'funcionario_e',1,1,NULL),(2327,'funcionario_e',1,1,NULL),(2328,'funcionario_e',1,1,NULL),(2329,'funcionario_e',1,1,NULL),(2330,'funcionario_e',1,1,NULL),(2331,'funcionario_e',1,1,NULL),(2332,'funcionario_e',1,1,NULL),(2333,'funcionario_e',1,1,NULL),(2334,'funcionario_e',1,1,NULL),(2335,'funcionario_e',1,1,NULL),(2336,'funcionario_e',1,1,NULL),(2337,'funcionario_e',1,1,NULL),(2338,'funcionario_e',1,1,NULL),(2339,'funcionario_e',1,1,NULL),(2340,'funcionario_e',1,1,NULL),(2341,'funcionario_e',1,1,NULL),(2342,'funcionario_e',1,1,NULL),(2343,'funcionario_e',1,1,NULL),(2344,'funcionario_e',1,1,NULL),(2345,'funcionario_e',1,1,NULL),(2346,'funcionario_e',1,1,NULL),(2347,'funcionario_e',1,1,NULL),(2348,'funcionario_e',1,1,NULL),(2349,'funcionario_e',1,1,NULL),(2350,'funcionario_e',1,1,NULL),(2351,'funcionario_sg',2,2,NULL),(2352,'funcionario_sg',2,2,NULL),(2353,'funcionario_sg',2,2,NULL),(2354,'funcionario_sg',2,2,NULL),(2355,'funcionario_sg',2,2,NULL),(2356,'funcionario_sg',2,2,NULL),(2357,'funcionario_sg',2,2,NULL),(2358,'funcionario_sg',2,2,NULL),(2359,'funcionario_sg',2,2,NULL),(2360,'funcionario_sg',2,2,NULL),(2361,'funcionario_sg',2,2,NULL),(2362,'funcionario_sg',2,2,NULL),(2363,'funcionario_sg',2,2,NULL),(2364,'funcionario_sg',2,2,NULL),(2365,'funcionario_sg',2,2,NULL),(2366,'funcionario_sg',2,2,NULL),(2367,'funcionario_sg',2,2,NULL),(2368,'funcionario_sg',2,2,NULL),(2369,'funcionario_sg',2,2,NULL),(2370,'funcionario_sg',2,2,NULL),(2371,'funcionario_sg',2,2,NULL),(2372,'funcionario_sg',2,2,NULL),(2373,'funcionario_sg',2,2,NULL),(2374,'funcionario_sg',2,2,NULL),(2375,'funcionario_sg',2,2,NULL),(2376,'funcionario_sg',2,2,NULL),(2377,'funcionario_sg',2,2,NULL),(2378,'funcionario_sg',2,2,NULL),(2379,'funcionario_sg',2,2,NULL),(2380,'funcionario_sg',2,2,NULL),(2381,'funcionario_sg',2,2,NULL),(2382,'funcionario_sg',2,2,NULL),(2383,'funcionario_sg',2,2,NULL),(2384,'funcionario_sg',2,2,NULL),(2385,'funcionario_sg',2,2,NULL),(2386,'funcionario_sg',2,2,NULL),(2387,'funcionario_sg',2,2,NULL),(2388,'funcionario_sg',2,2,NULL),(2389,'funcionario_sg',2,2,NULL),(2390,'funcionario_sg',2,2,NULL),(2391,'funcionario_sg',2,2,NULL),(2392,'funcionario_sg',2,2,NULL),(2393,'funcionario_sg',2,2,NULL),(2394,'funcionario_sg',2,2,NULL),(2395,'funcionario_sg',2,2,NULL),(2396,'funcionario_sg',2,2,NULL),(2397,'funcionario_sg',2,2,NULL),(2398,'funcionario_sg',2,2,NULL),(2399,'funcionario_sg',2,2,NULL),(2400,'funcionario_sg',2,2,NULL),(2401,'funcionario_sg',2,2,NULL),(2402,'funcionario_sg',2,2,NULL),(2403,'funcionario_sg',2,2,NULL),(2404,'funcionario_sg',2,2,NULL),(2405,'funcionario_sg',2,2,NULL),(2406,'funcionario_sg',2,2,NULL),(2407,'funcionario_sg',2,2,NULL),(2408,'funcionario_sg',2,2,NULL),(2409,'funcionario_sg',2,2,NULL),(2410,'funcionario_sg',2,2,NULL),(2411,'funcionario_sg',2,2,NULL),(2412,'funcionario_sg',2,2,NULL),(2413,'funcionario_sg',2,2,NULL),(2414,'funcionario_sg',2,2,NULL),(2415,'funcionario_sg',2,2,NULL),(2416,'funcionario_sg',2,2,NULL),(2417,'funcionario_sg',2,2,NULL),(2418,'funcionario_sg',2,2,NULL),(2419,'funcionario_sg',2,2,NULL),(2420,'funcionario_sg',2,2,NULL),(2421,'funcionario_sg',2,2,NULL),(2422,'funcionario_sg',2,2,NULL),(2423,'funcionario_sg',2,2,NULL),(2424,'funcionario_sg',2,2,NULL),(2425,'funcionario_sg',2,2,NULL),(2426,'funcionario_sg',2,2,NULL),(2427,'funcionario_sg',2,2,NULL),(2428,'funcionario_sg',2,2,NULL),(2429,'funcionario_sg',2,2,NULL),(2430,'funcionario_sg',2,2,NULL),(2431,'funcionario_sg',2,2,NULL),(2432,'funcionario_sg',2,2,NULL),(2433,'funcionario_sg',2,2,NULL),(2434,'funcionario_sg',2,2,NULL),(2435,'funcionario_sg',2,2,NULL),(2436,'funcionario_sg',2,2,NULL),(2437,'funcionario_sg',2,2,NULL),(2438,'funcionario_sg',2,2,NULL),(2439,'funcionario_sg',2,2,NULL),(2440,'funcionario_sg',2,2,NULL),(2441,'funcionario_sg',2,2,NULL),(2442,'funcionario_sg',2,2,NULL),(2443,'funcionario_sg',2,2,NULL),(2444,'funcionario_sg',2,2,NULL),(2445,'funcionario_sg',2,2,NULL),(2446,'funcionario_sg',2,2,NULL),(2447,'funcionario_sg',2,2,NULL),(2448,'funcionario_sg',2,2,NULL),(2449,'funcionario_sg',2,2,NULL),(2450,'funcionario_sg',2,2,NULL),(2451,'funcionario_sg',2,2,NULL),(2452,'funcionario_sg',2,2,NULL),(2453,'funcionario_sg',2,2,NULL),(2454,'funcionario_sg',2,2,NULL),(2455,'funcionario_sg',2,2,NULL),(2456,'funcionario_sg',2,2,NULL),(2457,'funcionario_sg',2,2,NULL),(2458,'funcionario_sg',2,2,NULL),(2459,'funcionario_sg',2,2,NULL),(2460,'funcionario_sg',2,2,NULL),(2461,'funcionario_sg',2,2,NULL),(2462,'funcionario_sg',2,2,NULL),(2463,'funcionario_sg',2,2,NULL),(2464,'funcionario_sg',2,2,NULL),(2465,'funcionario_sg',2,2,NULL),(2466,'funcionario_sg',2,2,NULL),(2467,'funcionario_sg',2,2,NULL),(2468,'funcionario_sg',2,2,NULL),(2469,'funcionario_sg',2,2,NULL),(2470,'funcionario_sg',2,2,NULL),(2471,'funcionario_sg',2,2,NULL),(2472,'funcionario_sg',2,2,NULL),(2473,'funcionario_sg',2,2,NULL),(2474,'funcionario_sg',2,2,NULL),(2475,'funcionario_sg',2,2,NULL),(2476,'funcionario_sg',2,2,NULL),(2477,'funcionario_sg',2,2,NULL),(2478,'funcionario_sg',2,2,NULL),(2479,'funcionario_sg',2,2,NULL),(2480,'funcionario_sg',2,2,NULL),(2481,'funcionario_sg',2,2,NULL),(2482,'funcionario_sg',2,2,NULL),(2483,'funcionario_sg',2,2,NULL),(2484,'funcionario_sg',2,2,NULL),(2485,'funcionario_sg',2,2,NULL),(2486,'funcionario_sg',2,2,NULL),(2487,'funcionario_sg',2,2,NULL),(2488,'funcionario_sg',2,2,NULL),(2489,'funcionario_sg',2,2,NULL),(2490,'funcionario_sg',2,2,NULL),(2491,'funcionario_sg',2,2,NULL),(2492,'funcionario_sg',2,2,NULL),(2493,'funcionario_sg',2,2,NULL),(2494,'funcionario_sg',2,2,NULL),(2495,'funcionario_sg',2,2,NULL),(2496,'funcionario_sg',2,2,NULL),(2497,'funcionario_sg',2,2,NULL),(2498,'funcionario_sg',2,2,NULL),(2499,'funcionario_sg',2,2,NULL),(2500,'funcionario_sg',2,2,NULL),(2501,'funcionario_sg',2,2,NULL),(2502,'funcionario_sg',2,2,NULL),(2503,'funcionario_sg',2,2,NULL),(2504,'funcionario_sg',2,2,NULL),(2505,'funcionario_sg',2,2,NULL),(2506,'funcionario_sg',2,2,NULL),(2507,'funcionario_sg',2,2,NULL),(2508,'funcionario_sg',2,2,NULL),(2509,'funcionario_sg',2,2,NULL),(2510,'funcionario_sg',2,2,NULL),(2511,'funcionario_sg',2,2,NULL),(2512,'funcionario_sg',2,2,NULL),(2513,'funcionario_sg',2,2,NULL),(2514,'funcionario_sg',2,2,NULL),(2515,'funcionario_sg',2,2,NULL),(2516,'funcionario_sg',2,2,NULL),(2517,'funcionario_sg',2,2,NULL),(2518,'funcionario_sg',2,2,NULL),(2519,'funcionario_sg',2,2,NULL),(2520,'funcionario_sg',2,2,NULL),(2521,'funcionario_sg',2,2,NULL),(2522,'funcionario_sg',2,2,NULL),(2523,'funcionario_sg',2,2,NULL),(2524,'funcionario_sg',2,2,NULL),(2525,'funcionario_sg',2,2,NULL),(2526,'funcionario_sg',2,2,NULL),(2527,'funcionario_sg',2,2,NULL),(2528,'funcionario_sg',2,2,NULL),(2529,'funcionario_sg',2,2,NULL),(2530,'funcionario_sg',2,2,NULL),(2531,'funcionario_sg',2,2,NULL),(2532,'funcionario_sg',2,2,NULL),(2533,'funcionario_sg',2,2,NULL),(2534,'funcionario_sg',2,2,NULL),(2535,'funcionario_sg',2,2,NULL),(2536,'funcionario_sg',2,2,NULL),(2537,'funcionario_sg',2,2,NULL),(2538,'funcionario_sg',2,2,NULL),(2539,'funcionario_sg',2,2,NULL),(2540,'funcionario_sg',2,2,NULL),(2541,'funcionario_sg',2,2,NULL),(2542,'funcionario_sg',2,2,NULL),(2543,'funcionario_sg',2,2,NULL),(2544,'funcionario_sg',2,2,NULL),(2545,'funcionario_sg',2,2,NULL),(2546,'funcionario_sg',2,2,NULL),(2547,'funcionario_sg',2,2,NULL),(2548,'funcionario_sg',2,2,NULL),(2549,'funcionario_sg',2,2,NULL),(2550,'funcionario_sg',2,2,NULL),(2551,'funcionario_sg',2,2,NULL),(2552,'funcionario_sg',2,2,NULL),(2553,'funcionario_sg',2,2,NULL),(2554,'funcionario_sg',2,2,NULL),(2555,'funcionario_sg',2,2,NULL),(2556,'funcionario_sg',2,2,NULL),(2557,'funcionario_sg',2,2,NULL),(2558,'funcionario_sg',2,2,NULL),(2559,'funcionario_sg',2,2,NULL),(2560,'funcionario_sg',2,2,NULL),(2561,'funcionario_sg',2,2,NULL),(2562,'funcionario_sg',2,2,NULL),(2563,'funcionario_sg',2,2,NULL),(2564,'funcionario_sg',2,2,NULL),(2565,'funcionario_sg',2,2,NULL),(2566,'funcionario_sg',2,2,NULL),(2567,'funcionario_sg',2,2,NULL),(2568,'funcionario_sg',2,2,NULL),(2569,'funcionario_sg',2,2,NULL),(2570,'funcionario_sg',2,2,NULL),(2571,'funcionario_sg',2,2,NULL),(2572,'funcionario_sg',2,2,NULL),(2573,'funcionario_sg',2,2,NULL),(2574,'funcionario_sg',2,2,NULL),(2575,'funcionario_sg',2,2,NULL),(2576,'funcionario_sg',2,2,NULL),(2577,'funcionario_sg',2,2,NULL),(2578,'funcionario_sg',2,2,NULL),(2579,'funcionario_sg',2,2,NULL),(2580,'funcionario_sg',2,2,NULL),(2581,'funcionario_sg',2,2,NULL),(2582,'funcionario_sg',2,2,NULL),(2583,'funcionario_sg',2,2,NULL),(2584,'funcionario_sg',2,2,NULL),(2585,'funcionario_sg',2,2,NULL),(2586,'funcionario_sg',2,2,NULL),(2587,'funcionario_sg',2,2,NULL),(2588,'funcionario_sg',2,2,NULL),(2589,'funcionario_sg',2,2,NULL),(2590,'funcionario_sg',2,2,NULL),(2591,'funcionario_sg',2,2,NULL),(2592,'funcionario_sg',2,2,NULL),(2593,'funcionario_sg',2,2,NULL),(2594,'funcionario_sg',2,2,NULL),(2595,'funcionario_sg',2,2,NULL),(2596,'funcionario_sg',2,2,NULL),(2597,'funcionario_sg',2,2,NULL),(2598,'funcionario_sg',2,2,NULL),(2599,'funcionario_sg',2,2,NULL),(2600,'funcionario_sg',2,2,NULL),(2601,'funcionario_sg',2,2,NULL),(2602,'funcionario_sg',2,2,NULL),(2603,'funcionario_sg',2,2,NULL),(2604,'funcionario_sg',2,2,NULL),(2605,'funcionario_sg',2,2,NULL),(2606,'funcionario_sg',2,2,NULL),(2607,'funcionario_sg',2,2,NULL),(2608,'funcionario_sg',2,2,NULL),(2609,'funcionario_sg',2,2,NULL),(2610,'funcionario_sg',2,2,NULL),(2611,'funcionario_sg',2,2,NULL),(2612,'funcionario_sg',2,2,NULL),(2613,'funcionario_sg',2,2,NULL),(2614,'funcionario_sg',2,2,NULL),(2615,'funcionario_sg',2,2,NULL),(2616,'funcionario_sg',2,2,NULL),(2617,'funcionario_sg',2,2,NULL),(2618,'funcionario_sg',2,2,NULL),(2619,'funcionario_sg',2,2,NULL),(2620,'funcionario_sg',2,2,NULL),(2621,'funcionario_sg',2,2,NULL),(2622,'funcionario_sg',2,2,NULL),(2623,'funcionario_sg',2,2,NULL),(2624,'funcionario_sg',2,2,NULL),(2625,'funcionario_sg',2,2,NULL),(2626,'funcionario_sg',2,2,NULL),(2627,'funcionario_sg',2,2,NULL),(2628,'funcionario_sg',2,2,NULL),(2629,'funcionario_sg',2,2,NULL),(2630,'funcionario_sg',2,2,NULL),(2631,'funcionario_sg',2,2,NULL),(2632,'funcionario_sg',2,2,NULL),(2633,'funcionario_sg',2,2,NULL),(2634,'funcionario_sg',2,2,NULL),(2635,'funcionario_sg',2,2,NULL),(2636,'funcionario_sg',2,2,NULL),(2637,'funcionario_sg',2,2,NULL),(2638,'funcionario_sg',2,2,NULL),(2639,'funcionario_sg',2,2,NULL),(2640,'funcionario_sg',2,2,NULL),(2641,'funcionario_sg',2,2,NULL),(2642,'funcionario_sg',2,2,NULL),(2643,'funcionario_sg',2,2,NULL),(2644,'funcionario_sg',2,2,NULL),(2645,'funcionario_sg',2,2,NULL),(2646,'funcionario_sg',2,2,NULL),(2647,'funcionario_sg',2,2,NULL),(2648,'funcionario_sg',2,2,NULL),(2649,'funcionario_sg',2,2,NULL),(2650,'funcionario_sg',2,2,NULL),(2651,'funcionario_sec',3,3,NULL),(2652,'funcionario_sec',3,3,NULL),(2653,'funcionario_sec',3,3,NULL),(2654,'funcionario_sec',3,3,NULL),(2655,'funcionario_sec',3,3,NULL),(2656,'funcionario_sec',3,3,NULL),(2657,'funcionario_sec',3,3,NULL),(2658,'funcionario_sec',3,3,NULL),(2659,'funcionario_sec',3,3,NULL),(2660,'funcionario_sec',3,3,NULL),(2661,'funcionario_sec',3,3,NULL),(2662,'funcionario_sec',3,3,NULL),(2663,'funcionario_sec',3,3,NULL),(2664,'funcionario_sec',3,3,NULL),(2665,'funcionario_sec',3,3,NULL),(2666,'funcionario_sec',3,3,NULL),(2667,'funcionario_sec',3,3,NULL),(2668,'funcionario_sec',3,3,NULL),(2669,'funcionario_sec',3,3,NULL),(2670,'funcionario_sec',3,3,NULL),(2671,'funcionario_sec',3,3,NULL),(2672,'funcionario_sec',3,3,NULL),(2673,'funcionario_sec',3,3,NULL),(2674,'funcionario_sec',3,3,NULL),(2675,'funcionario_sec',3,3,NULL),(2676,'funcionario_sec',3,3,NULL),(2677,'funcionario_sec',3,3,NULL),(2678,'funcionario_sec',3,3,NULL),(2679,'funcionario_sec',3,3,NULL),(2680,'funcionario_sec',3,3,NULL),(2681,'funcionario_sec',3,3,NULL),(2682,'funcionario_sec',3,3,NULL),(2683,'funcionario_sec',3,3,NULL),(2684,'funcionario_sec',3,3,NULL),(2685,'funcionario_sec',3,3,NULL),(2686,'funcionario_sec',3,3,NULL),(2687,'funcionario_sec',3,3,NULL),(2688,'funcionario_sec',3,3,NULL),(2689,'funcionario_sec',3,3,NULL),(2690,'funcionario_sec',3,3,NULL),(2691,'funcionario_sec',3,3,NULL),(2692,'funcionario_sec',3,3,NULL),(2693,'funcionario_sec',3,3,NULL),(2694,'funcionario_sec',3,3,NULL),(2695,'funcionario_sec',3,3,NULL),(2696,'funcionario_sec',3,3,NULL),(2697,'funcionario_sec',3,3,NULL),(2698,'funcionario_sec',3,3,NULL),(2699,'funcionario_sec',3,3,NULL),(2700,'funcionario_sec',3,3,NULL),(2701,'funcionario_sec',3,3,NULL),(2702,'funcionario_sec',3,3,NULL),(2703,'funcionario_sec',3,3,NULL),(2704,'funcionario_sec',3,3,NULL),(2705,'funcionario_sec',3,3,NULL),(2706,'funcionario_sec',3,3,NULL),(2707,'funcionario_sec',3,3,NULL),(2708,'funcionario_sec',3,3,NULL),(2709,'funcionario_sec',3,3,NULL),(2710,'funcionario_sec',3,3,NULL),(2711,'funcionario_sec',3,3,NULL),(2712,'funcionario_sec',3,3,NULL),(2713,'funcionario_sec',3,3,NULL),(2714,'funcionario_sec',3,3,NULL),(2715,'funcionario_sec',3,3,NULL),(2716,'funcionario_sec',3,3,NULL),(2717,'funcionario_sec',3,3,NULL),(2718,'funcionario_sec',3,3,NULL),(2719,'funcionario_sec',3,3,NULL),(2720,'funcionario_sec',3,3,NULL),(2721,'funcionario_sec',3,3,NULL),(2722,'funcionario_sec',3,3,NULL),(2723,'funcionario_sec',3,3,NULL),(2724,'funcionario_sec',3,3,NULL),(2725,'funcionario_sec',3,3,NULL),(2726,'funcionario_sec',3,3,NULL),(2727,'funcionario_sec',3,3,NULL),(2728,'funcionario_sec',3,3,NULL),(2729,'funcionario_sec',3,3,NULL),(2730,'funcionario_sec',3,3,NULL),(2731,'funcionario_sec',3,3,NULL),(2732,'funcionario_sec',3,3,NULL),(2733,'funcionario_sec',3,3,NULL),(2734,'funcionario_sec',3,3,NULL),(2735,'funcionario_sec',3,3,NULL),(2736,'funcionario_sec',3,3,NULL),(2737,'funcionario_sec',3,3,NULL),(2738,'funcionario_sec',3,3,NULL),(2739,'funcionario_sec',3,3,NULL),(2740,'funcionario_sec',3,3,NULL),(2741,'funcionario_sec',3,3,NULL),(2742,'funcionario_sec',3,3,NULL),(2743,'funcionario_sec',3,3,NULL),(2744,'funcionario_sec',3,3,NULL),(2745,'funcionario_sec',3,3,NULL),(2746,'funcionario_sec',3,3,NULL),(2747,'funcionario_sec',3,3,NULL),(2748,'funcionario_sec',3,3,NULL),(2749,'funcionario_sec',3,3,NULL),(2750,'funcionario_sec',3,3,NULL),(2751,'funcionario_sec',3,3,NULL),(2752,'funcionario_sec',3,3,NULL),(2753,'funcionario_sec',3,3,NULL),(2754,'funcionario_sec',3,3,NULL),(2755,'funcionario_sec',3,3,NULL),(2756,'funcionario_sec',3,3,NULL),(2757,'funcionario_sec',3,3,NULL),(2758,'funcionario_sec',3,3,NULL),(2759,'funcionario_sec',3,3,NULL),(2760,'funcionario_sec',3,3,NULL),(2761,'funcionario_sec',3,3,NULL),(2762,'funcionario_sec',3,3,NULL),(2763,'funcionario_sec',3,3,NULL),(2764,'funcionario_sec',3,3,NULL),(2765,'funcionario_sec',3,3,NULL),(2766,'funcionario_sec',3,3,NULL),(2767,'funcionario_sec',3,3,NULL),(2768,'funcionario_sec',3,3,NULL),(2769,'funcionario_sec',3,3,NULL),(2770,'funcionario_sec',3,3,NULL),(2771,'funcionario_sec',3,3,NULL),(2772,'funcionario_sec',3,3,NULL),(2773,'funcionario_sec',3,3,NULL),(2774,'funcionario_sec',3,3,NULL),(2775,'funcionario_sec',3,3,NULL),(2776,'funcionario_sec',3,3,NULL),(2777,'funcionario_sec',3,3,NULL),(2778,'funcionario_sec',3,3,NULL),(2779,'funcionario_sec',3,3,NULL),(2780,'funcionario_sec',3,3,NULL),(2781,'funcionario_sec',3,3,NULL),(2782,'funcionario_sec',3,3,NULL),(2783,'funcionario_sec',3,3,NULL),(2784,'funcionario_sec',3,3,NULL),(2785,'funcionario_sec',3,3,NULL),(2786,'funcionario_sec',3,3,NULL),(2787,'funcionario_sec',3,3,NULL),(2788,'funcionario_sec',3,3,NULL),(2789,'funcionario_sec',3,3,NULL),(2790,'funcionario_sec',3,3,NULL),(2791,'funcionario_sec',3,3,NULL),(2792,'funcionario_sec',3,3,NULL),(2793,'funcionario_sec',3,3,NULL),(2794,'funcionario_sec',3,3,NULL),(2795,'funcionario_sec',3,3,NULL),(2796,'funcionario_sec',3,3,NULL),(2797,'funcionario_sec',3,3,NULL),(2798,'funcionario_sec',3,3,NULL),(2799,'funcionario_sec',3,3,NULL),(2800,'funcionario_sec',3,3,NULL),(2801,'funcionario_sec',3,3,NULL),(2802,'funcionario_sec',3,3,NULL),(2803,'funcionario_sec',3,3,NULL),(2804,'funcionario_sec',3,3,NULL),(2805,'funcionario_sec',3,3,NULL),(2806,'funcionario_sec',3,3,NULL),(2807,'funcionario_sec',3,3,NULL),(2808,'funcionario_sec',3,3,NULL),(2809,'funcionario_sec',3,3,NULL),(2810,'funcionario_sec',3,3,NULL),(2811,'funcionario_sec',3,3,NULL),(2812,'funcionario_sec',3,3,NULL),(2813,'funcionario_sec',3,3,NULL),(2814,'funcionario_sec',3,3,NULL),(2815,'funcionario_sec',3,3,NULL),(2816,'funcionario_sec',3,3,NULL),(2817,'funcionario_sec',3,3,NULL),(2818,'funcionario_sec',3,3,NULL),(2819,'funcionario_sec',3,3,NULL),(2820,'funcionario_sec',3,3,NULL),(2821,'funcionario_sec',3,3,NULL),(2822,'funcionario_sec',3,3,NULL),(2823,'funcionario_sec',3,3,NULL),(2824,'funcionario_sec',3,3,NULL),(2825,'funcionario_sec',3,3,NULL),(2826,'funcionario_sec',3,3,NULL),(2827,'funcionario_sec',3,3,NULL),(2828,'funcionario_sec',3,3,NULL),(2829,'funcionario_sec',3,3,NULL),(2830,'funcionario_sec',3,3,NULL),(2831,'funcionario_sec',3,3,NULL),(2832,'funcionario_sec',3,3,NULL),(2833,'funcionario_sec',3,3,NULL),(2834,'funcionario_sec',3,3,NULL),(2835,'funcionario_sec',3,3,NULL),(2836,'funcionario_sec',3,3,NULL),(2837,'funcionario_sec',3,3,NULL),(2838,'funcionario_sec',3,3,NULL),(2839,'funcionario_sec',3,3,NULL),(2840,'funcionario_sec',3,3,NULL),(2841,'funcionario_sec',3,3,NULL),(2842,'funcionario_sec',3,3,NULL),(2843,'funcionario_sec',3,3,NULL),(2844,'funcionario_sec',3,3,NULL),(2845,'funcionario_sec',3,3,NULL),(2846,'funcionario_sec',3,3,NULL),(2847,'funcionario_sec',3,3,NULL),(2848,'funcionario_sec',3,3,NULL),(2849,'funcionario_sec',3,3,NULL),(2850,'funcionario_sec',3,3,NULL),(2851,'funcionario_sec',3,3,NULL),(2852,'funcionario_sec',3,3,NULL),(2853,'funcionario_sec',3,3,NULL),(2854,'funcionario_sec',3,3,NULL),(2855,'funcionario_sec',3,3,NULL),(2856,'funcionario_sec',3,3,NULL),(2857,'funcionario_sec',3,3,NULL),(2858,'funcionario_sec',3,3,NULL),(2859,'funcionario_sec',3,3,NULL),(2860,'funcionario_sec',3,3,NULL),(2861,'funcionario_sec',3,3,NULL),(2862,'funcionario_sec',3,3,NULL),(2863,'funcionario_sec',3,3,NULL),(2864,'funcionario_sec',3,3,NULL),(2865,'funcionario_sec',3,3,NULL),(2866,'funcionario_sec',3,3,NULL),(2867,'funcionario_sec',3,3,NULL),(2868,'funcionario_sec',3,3,NULL),(2869,'funcionario_sec',3,3,NULL),(2870,'funcionario_sec',3,3,NULL),(2871,'funcionario_sec',3,3,NULL),(2872,'funcionario_sec',3,3,NULL),(2873,'funcionario_sec',3,3,NULL),(2874,'funcionario_sec',3,3,NULL),(2875,'funcionario_sec',3,3,NULL),(2876,'funcionario_sec',3,3,NULL),(2877,'funcionario_sec',3,3,NULL),(2878,'funcionario_sec',3,3,NULL),(2879,'funcionario_sec',3,3,NULL),(2880,'funcionario_sec',3,3,NULL),(2881,'funcionario_sec',3,3,NULL),(2882,'funcionario_sec',3,3,NULL),(2883,'funcionario_sec',3,3,NULL),(2884,'funcionario_sec',3,3,NULL),(2885,'funcionario_sec',3,3,NULL),(2886,'funcionario_sec',3,3,NULL),(2887,'funcionario_sec',3,3,NULL),(2888,'funcionario_sec',3,3,NULL),(2889,'funcionario_sec',3,3,NULL),(2890,'funcionario_sec',3,3,NULL),(2891,'funcionario_sec',3,3,NULL),(2892,'funcionario_sec',3,3,NULL),(2893,'funcionario_sec',3,3,NULL),(2894,'funcionario_sec',3,3,NULL),(2895,'funcionario_sec',3,3,NULL),(2896,'funcionario_sec',3,3,NULL),(2897,'funcionario_sec',3,3,NULL),(2898,'funcionario_sec',3,3,NULL),(2899,'funcionario_sec',3,3,NULL),(2900,'funcionario_sec',3,3,NULL),(2901,'funcionario_sec',3,3,NULL),(2902,'funcionario_sec',3,3,NULL),(2903,'funcionario_sec',3,3,NULL),(2904,'funcionario_sec',3,3,NULL),(2905,'funcionario_sec',3,3,NULL),(2906,'funcionario_sec',3,3,NULL),(2907,'funcionario_sec',3,3,NULL),(2908,'funcionario_sec',3,3,NULL),(2909,'funcionario_sec',3,3,NULL),(2910,'funcionario_sec',3,3,NULL),(2911,'funcionario_sec',3,3,NULL),(2912,'funcionario_sec',3,3,NULL),(2913,'funcionario_sec',3,3,NULL),(2914,'funcionario_sec',3,3,NULL),(2915,'funcionario_sec',3,3,NULL),(2916,'funcionario_sec',3,3,NULL),(2917,'funcionario_sec',3,3,NULL),(2918,'funcionario_sec',3,3,NULL),(2919,'funcionario_sec',3,3,NULL),(2920,'funcionario_sec',3,3,NULL),(2921,'funcionario_sec',3,3,NULL),(2922,'funcionario_sec',3,3,NULL),(2923,'funcionario_sec',3,3,NULL),(2924,'funcionario_sec',3,3,NULL),(2925,'funcionario_sec',3,3,NULL),(2926,'funcionario_sec',3,3,NULL),(2927,'funcionario_sec',3,3,NULL),(2928,'funcionario_sec',3,3,NULL),(2929,'funcionario_sec',3,3,NULL),(2930,'funcionario_sec',3,3,NULL),(2931,'funcionario_sec',3,3,NULL),(2932,'funcionario_sec',3,3,NULL),(2933,'funcionario_sec',3,3,NULL),(2934,'funcionario_sec',3,3,NULL),(2935,'funcionario_sec',3,3,NULL),(2936,'funcionario_sec',3,3,NULL),(2937,'funcionario_sec',3,3,NULL),(2938,'funcionario_sec',3,3,NULL),(2939,'funcionario_sec',3,3,NULL),(2940,'funcionario_sec',3,3,NULL),(2941,'funcionario_sec',3,3,NULL),(2942,'funcionario_sec',3,3,NULL),(2943,'funcionario_sec',3,3,NULL),(2944,'funcionario_sec',3,3,NULL),(2945,'funcionario_sec',3,3,NULL),(2946,'funcionario_sec',3,3,NULL),(2947,'funcionario_sec',3,3,NULL),(2948,'funcionario_sec',3,3,NULL),(2949,'funcionario_sec',3,3,NULL),(2950,'funcionario_sec',3,3,NULL),(2951,'funcionario_p',4,4,NULL),(2952,'funcionario_p',4,4,NULL),(2953,'funcionario_p',4,4,NULL),(2954,'funcionario_p',4,4,NULL),(2955,'funcionario_p',4,4,NULL),(2956,'funcionario_p',4,4,NULL),(2957,'funcionario_p',4,4,NULL),(2958,'funcionario_p',4,4,NULL),(2959,'funcionario_p',4,4,NULL),(2960,'funcionario_p',4,4,NULL),(2961,'funcionario_p',4,4,NULL),(2962,'funcionario_p',4,4,NULL),(2963,'funcionario_p',4,4,NULL),(2964,'funcionario_p',4,4,NULL),(2965,'funcionario_p',4,4,NULL),(2966,'funcionario_p',4,4,NULL),(2967,'funcionario_p',4,4,NULL),(2968,'funcionario_p',4,4,NULL),(2969,'funcionario_p',4,4,NULL),(2970,'funcionario_p',4,4,NULL),(2971,'funcionario_p',4,4,NULL),(2972,'funcionario_p',4,4,NULL),(2973,'funcionario_p',4,4,NULL),(2974,'funcionario_p',4,4,NULL),(2975,'funcionario_p',4,4,NULL),(2976,'funcionario_p',4,4,NULL),(2977,'funcionario_p',4,4,NULL),(2978,'funcionario_p',4,4,NULL),(2979,'funcionario_p',4,4,NULL),(2980,'funcionario_p',4,4,NULL),(2981,'funcionario_p',4,4,NULL),(2982,'funcionario_p',4,4,NULL),(2983,'funcionario_p',4,4,NULL),(2984,'funcionario_p',4,4,NULL),(2985,'funcionario_p',4,4,NULL),(2986,'funcionario_p',4,4,NULL),(2987,'funcionario_p',4,4,NULL),(2988,'funcionario_p',4,4,NULL),(2989,'funcionario_p',4,4,NULL),(2990,'funcionario_p',4,4,NULL),(2991,'funcionario_p',4,4,NULL),(2992,'funcionario_p',4,4,NULL),(2993,'funcionario_p',4,4,NULL),(2994,'funcionario_p',4,4,NULL),(2995,'funcionario_p',4,4,NULL),(2996,'funcionario_p',4,4,NULL),(2997,'funcionario_p',4,4,NULL),(2998,'funcionario_p',4,4,NULL),(2999,'funcionario_p',4,4,NULL),(3000,'funcionario_p',4,4,NULL),(3001,'funcionario_p',4,4,NULL),(3002,'funcionario_p',4,4,NULL),(3003,'funcionario_p',4,4,NULL),(3004,'funcionario_p',4,4,NULL),(3005,'funcionario_p',4,4,NULL),(3006,'funcionario_p',4,4,NULL),(3007,'funcionario_p',4,4,NULL),(3008,'funcionario_p',4,4,NULL),(3009,'funcionario_p',4,4,NULL),(3010,'funcionario_p',4,4,NULL),(3011,'funcionario_p',4,4,NULL),(3012,'funcionario_p',4,4,NULL),(3013,'funcionario_p',4,4,NULL),(3014,'funcionario_p',4,4,NULL),(3015,'funcionario_p',4,4,NULL),(3016,'funcionario_p',4,4,NULL),(3017,'funcionario_p',4,4,NULL),(3018,'funcionario_p',4,4,NULL),(3019,'funcionario_p',4,4,NULL),(3020,'funcionario_p',4,4,NULL),(3021,'funcionario_p',4,4,NULL),(3022,'funcionario_p',4,4,NULL),(3023,'funcionario_p',4,4,NULL),(3024,'funcionario_p',4,4,NULL),(3025,'funcionario_p',4,4,NULL),(3026,'funcionario_p',4,4,NULL),(3027,'funcionario_p',4,4,NULL),(3028,'funcionario_p',4,4,NULL),(3029,'funcionario_p',4,4,NULL),(3030,'funcionario_p',4,4,NULL),(3031,'funcionario_p',4,4,NULL),(3032,'funcionario_p',4,4,NULL),(3033,'funcionario_p',4,4,NULL),(3034,'funcionario_p',4,4,NULL),(3035,'funcionario_p',4,4,NULL),(3036,'funcionario_p',4,4,NULL),(3037,'funcionario_p',4,4,NULL),(3038,'funcionario_p',4,4,NULL),(3039,'funcionario_p',4,4,NULL),(3040,'funcionario_p',4,4,NULL),(3041,'funcionario_p',4,4,NULL),(3042,'funcionario_p',4,4,NULL),(3043,'funcionario_p',4,4,NULL),(3044,'funcionario_p',4,4,NULL),(3045,'funcionario_p',4,4,NULL),(3046,'funcionario_p',4,4,NULL),(3047,'funcionario_p',4,4,NULL),(3048,'funcionario_p',4,4,NULL),(3049,'funcionario_p',4,4,NULL),(3050,'funcionario_p',4,4,NULL),(3051,'funcionario_p',4,4,NULL),(3052,'funcionario_p',4,4,NULL),(3053,'funcionario_p',4,4,NULL),(3054,'funcionario_p',4,4,NULL),(3055,'funcionario_p',4,4,NULL),(3056,'funcionario_p',4,4,NULL),(3057,'funcionario_p',4,4,NULL),(3058,'funcionario_p',4,4,NULL),(3059,'funcionario_p',4,4,NULL),(3060,'funcionario_p',4,4,NULL),(3061,'funcionario_p',4,4,NULL),(3062,'funcionario_p',4,4,NULL),(3063,'funcionario_p',4,4,NULL),(3064,'funcionario_p',4,4,NULL),(3065,'funcionario_p',4,4,NULL),(3066,'funcionario_p',4,4,NULL),(3067,'funcionario_p',4,4,NULL),(3068,'funcionario_p',4,4,NULL),(3069,'funcionario_p',4,4,NULL),(3070,'funcionario_p',4,4,NULL),(3071,'funcionario_p',4,4,NULL),(3072,'funcionario_p',4,4,NULL),(3073,'funcionario_p',4,4,NULL),(3074,'funcionario_p',4,4,NULL),(3075,'funcionario_p',4,4,NULL),(3076,'funcionario_p',4,4,NULL),(3077,'funcionario_p',4,4,NULL),(3078,'funcionario_p',4,4,NULL),(3079,'funcionario_p',4,4,NULL),(3080,'funcionario_p',4,4,NULL),(3081,'funcionario_p',4,4,NULL),(3082,'funcionario_p',4,4,NULL),(3083,'funcionario_p',4,4,NULL),(3084,'funcionario_p',4,4,NULL),(3085,'funcionario_p',4,4,NULL),(3086,'funcionario_p',4,4,NULL),(3087,'funcionario_p',4,4,NULL),(3088,'funcionario_p',4,4,NULL),(3089,'funcionario_p',4,4,NULL),(3090,'funcionario_p',4,4,NULL),(3091,'funcionario_p',4,4,NULL),(3092,'funcionario_p',4,4,NULL),(3093,'funcionario_p',4,4,NULL),(3094,'funcionario_p',4,4,NULL),(3095,'funcionario_p',4,4,NULL),(3096,'funcionario_p',4,4,NULL),(3097,'funcionario_p',4,4,NULL),(3098,'funcionario_p',4,4,NULL),(3099,'funcionario_p',4,4,NULL),(3100,'funcionario_p',4,4,NULL),(3101,'funcionario_p',4,4,NULL),(3102,'funcionario_p',4,4,NULL),(3103,'funcionario_p',4,4,NULL),(3104,'funcionario_p',4,4,NULL),(3105,'funcionario_p',4,4,NULL),(3106,'funcionario_p',4,4,NULL),(3107,'funcionario_p',4,4,NULL),(3108,'funcionario_p',4,4,NULL),(3109,'funcionario_p',4,4,NULL),(3110,'funcionario_p',4,4,NULL),(3111,'funcionario_p',4,4,NULL),(3112,'funcionario_p',4,4,NULL),(3113,'funcionario_p',4,4,NULL),(3114,'funcionario_p',4,4,NULL),(3115,'funcionario_p',4,4,NULL),(3116,'funcionario_p',4,4,NULL),(3117,'funcionario_p',4,4,NULL),(3118,'funcionario_p',4,4,NULL),(3119,'funcionario_p',4,4,NULL),(3120,'funcionario_p',4,4,NULL),(3121,'funcionario_p',4,4,NULL),(3122,'funcionario_p',4,4,NULL),(3123,'funcionario_p',4,4,NULL),(3124,'funcionario_p',4,4,NULL),(3125,'funcionario_p',4,4,NULL),(3126,'funcionario_p',4,4,NULL),(3127,'funcionario_p',4,4,NULL),(3128,'funcionario_p',4,4,NULL),(3129,'funcionario_p',4,4,NULL),(3130,'funcionario_p',4,4,NULL),(3131,'funcionario_p',4,4,NULL),(3132,'funcionario_p',4,4,NULL),(3133,'funcionario_p',4,4,NULL),(3134,'funcionario_p',4,4,NULL),(3135,'funcionario_p',4,4,NULL),(3136,'funcionario_p',4,4,NULL),(3137,'funcionario_p',4,4,NULL),(3138,'funcionario_p',4,4,NULL),(3139,'funcionario_p',4,4,NULL),(3140,'funcionario_p',4,4,NULL),(3141,'funcionario_p',4,4,NULL),(3142,'funcionario_p',4,4,NULL),(3143,'funcionario_p',4,4,NULL),(3144,'funcionario_p',4,4,NULL),(3145,'funcionario_p',4,4,NULL),(3146,'funcionario_p',4,4,NULL),(3147,'funcionario_p',4,4,NULL),(3148,'funcionario_p',4,4,NULL),(3149,'funcionario_p',4,4,NULL),(3150,'funcionario_p',4,4,NULL),(3151,'funcionario_p',4,4,NULL),(3152,'funcionario_p',4,4,NULL),(3153,'funcionario_p',4,4,NULL),(3154,'funcionario_p',4,4,NULL),(3155,'funcionario_p',4,4,NULL),(3156,'funcionario_p',4,4,NULL),(3157,'funcionario_p',4,4,NULL),(3158,'funcionario_p',4,4,NULL),(3159,'funcionario_p',4,4,NULL),(3160,'funcionario_p',4,4,NULL),(3161,'funcionario_p',4,4,NULL),(3162,'funcionario_p',4,4,NULL),(3163,'funcionario_p',4,4,NULL),(3164,'funcionario_p',4,4,NULL),(3165,'funcionario_p',4,4,NULL),(3166,'funcionario_p',4,4,NULL),(3167,'funcionario_p',4,4,NULL),(3168,'funcionario_p',4,4,NULL),(3169,'funcionario_p',4,4,NULL),(3170,'funcionario_p',4,4,NULL),(3171,'funcionario_p',4,4,NULL),(3172,'funcionario_p',4,4,NULL),(3173,'funcionario_p',4,4,NULL),(3174,'funcionario_p',4,4,NULL),(3175,'funcionario_p',4,4,NULL),(3176,'funcionario_p',4,4,NULL),(3177,'funcionario_p',4,4,NULL),(3178,'funcionario_p',4,4,NULL),(3179,'funcionario_p',4,4,NULL),(3180,'funcionario_p',4,4,NULL),(3181,'funcionario_p',4,4,NULL),(3182,'funcionario_p',4,4,NULL),(3183,'funcionario_p',4,4,NULL),(3184,'funcionario_p',4,4,NULL),(3185,'funcionario_p',4,4,NULL),(3186,'funcionario_p',4,4,NULL),(3187,'funcionario_p',4,4,NULL),(3188,'funcionario_p',4,4,NULL),(3189,'funcionario_p',4,4,NULL),(3190,'funcionario_p',4,4,NULL),(3191,'funcionario_p',4,4,NULL),(3192,'funcionario_p',4,4,NULL),(3193,'funcionario_p',4,4,NULL),(3194,'funcionario_p',4,4,NULL),(3195,'funcionario_p',4,4,NULL),(3196,'funcionario_p',4,4,NULL),(3197,'funcionario_p',4,4,NULL),(3198,'funcionario_p',4,4,NULL),(3199,'funcionario_p',4,4,NULL),(3200,'funcionario_p',4,4,NULL),(3201,'funcionario_p',4,4,NULL),(3202,'funcionario_p',4,4,NULL),(3203,'funcionario_p',4,4,NULL),(3204,'funcionario_p',4,4,NULL),(3205,'funcionario_p',4,4,NULL),(3206,'funcionario_p',4,4,NULL),(3207,'funcionario_p',4,4,NULL),(3208,'funcionario_p',4,4,NULL),(3209,'funcionario_p',4,4,NULL),(3210,'funcionario_p',4,4,NULL),(3211,'funcionario_p',4,4,NULL),(3212,'funcionario_p',4,4,NULL),(3213,'funcionario_p',4,4,NULL),(3214,'funcionario_p',4,4,NULL),(3215,'funcionario_p',4,4,NULL),(3216,'funcionario_p',4,4,NULL),(3217,'funcionario_p',4,4,NULL),(3218,'funcionario_p',4,4,NULL),(3219,'funcionario_p',4,4,NULL),(3220,'funcionario_p',4,4,NULL),(3221,'funcionario_p',4,4,NULL),(3222,'funcionario_p',4,4,NULL),(3223,'funcionario_p',4,4,NULL),(3224,'funcionario_p',4,4,NULL),(3225,'funcionario_p',4,4,NULL),(3226,'funcionario_p',4,4,NULL),(3227,'funcionario_p',4,4,NULL),(3228,'funcionario_p',4,4,NULL),(3229,'funcionario_p',4,4,NULL),(3230,'funcionario_p',4,4,NULL),(3231,'funcionario_p',4,4,NULL),(3232,'funcionario_p',4,4,NULL),(3233,'funcionario_p',4,4,NULL),(3234,'funcionario_p',4,4,NULL),(3235,'funcionario_p',4,4,NULL),(3236,'funcionario_p',4,4,NULL),(3237,'funcionario_p',4,4,NULL),(3238,'funcionario_p',4,4,NULL),(3239,'funcionario_p',4,4,NULL),(3240,'funcionario_p',4,4,NULL),(3241,'funcionario_p',4,4,NULL),(3242,'funcionario_p',4,4,NULL),(3243,'funcionario_p',4,4,NULL),(3244,'funcionario_p',4,4,NULL),(3245,'funcionario_p',4,4,NULL),(3246,'funcionario_p',4,4,NULL),(3247,'funcionario_p',4,4,NULL),(3248,'funcionario_p',4,4,NULL),(3249,'funcionario_p',4,4,NULL),(3250,'funcionario_p',4,4,NULL),(3251,'funcionario_d',5,5,NULL),(3252,'funcionario_d',5,5,NULL),(3253,'funcionario_d',5,5,NULL),(3254,'funcionario_d',5,5,NULL),(3255,'funcionario_d',5,5,NULL),(3256,'funcionario_d',5,5,NULL),(3257,'funcionario_d',5,5,NULL),(3258,'funcionario_d',5,5,NULL),(3259,'funcionario_d',5,5,NULL),(3260,'funcionario_d',5,5,NULL),(3261,'funcionario_d',5,5,NULL),(3262,'funcionario_d',5,5,NULL),(3263,'funcionario_d',5,5,NULL),(3264,'funcionario_d',5,5,NULL),(3265,'funcionario_d',5,5,NULL),(3266,'funcionario_d',5,5,NULL),(3267,'funcionario_d',5,5,NULL),(3268,'funcionario_d',5,5,NULL),(3269,'funcionario_d',5,5,NULL),(3270,'funcionario_d',5,5,NULL),(3271,'funcionario_d',5,5,NULL),(3272,'funcionario_d',5,5,NULL),(3273,'funcionario_d',5,5,NULL),(3274,'funcionario_d',5,5,NULL),(3275,'funcionario_d',5,5,NULL),(3276,'funcionario_d',5,5,NULL),(3277,'funcionario_d',5,5,NULL),(3278,'funcionario_d',5,5,NULL),(3279,'funcionario_d',5,5,NULL),(3280,'funcionario_d',5,5,NULL),(3281,'funcionario_d',5,5,NULL),(3282,'funcionario_d',5,5,NULL),(3283,'funcionario_d',5,5,NULL),(3284,'funcionario_d',5,5,NULL),(3285,'funcionario_d',5,5,NULL),(3286,'funcionario_d',5,5,NULL),(3287,'funcionario_d',5,5,NULL),(3288,'funcionario_d',5,5,NULL),(3289,'funcionario_d',5,5,NULL),(3290,'funcionario_d',5,5,NULL),(3291,'funcionario_d',5,5,NULL),(3292,'funcionario_d',5,5,NULL),(3293,'funcionario_d',5,5,NULL),(3294,'funcionario_d',5,5,NULL),(3295,'funcionario_d',5,5,NULL),(3296,'funcionario_d',5,5,NULL),(3297,'funcionario_d',5,5,NULL),(3298,'funcionario_d',5,5,NULL),(3299,'funcionario_d',5,5,NULL),(3300,'funcionario_d',5,5,NULL),(3301,'funcionario_d',5,5,NULL),(3302,'funcionario_d',5,5,NULL),(3303,'funcionario_d',5,5,NULL),(3304,'funcionario_d',5,5,NULL),(3305,'funcionario_d',5,5,NULL),(3306,'funcionario_d',5,5,NULL),(3307,'funcionario_d',5,5,NULL),(3308,'funcionario_d',5,5,NULL),(3309,'funcionario_d',5,5,NULL),(3310,'funcionario_d',5,5,NULL),(3311,'funcionario_d',5,5,NULL),(3312,'funcionario_d',5,5,NULL),(3313,'funcionario_d',5,5,NULL),(3314,'funcionario_d',5,5,NULL),(3315,'funcionario_d',5,5,NULL),(3316,'funcionario_d',5,5,NULL),(3317,'funcionario_d',5,5,NULL),(3318,'funcionario_d',5,5,NULL),(3319,'funcionario_d',5,5,NULL),(3320,'funcionario_d',5,5,NULL),(3321,'funcionario_d',5,5,NULL),(3322,'funcionario_d',5,5,NULL),(3323,'funcionario_d',5,5,NULL),(3324,'funcionario_d',5,5,NULL),(3325,'funcionario_d',5,5,NULL),(3326,'funcionario_d',5,5,NULL),(3327,'funcionario_d',5,5,NULL),(3328,'funcionario_d',5,5,NULL),(3329,'funcionario_d',5,5,NULL),(3330,'funcionario_d',5,5,NULL),(3331,'funcionario_d',5,5,NULL),(3332,'funcionario_d',5,5,NULL),(3333,'funcionario_d',5,5,NULL),(3334,'funcionario_d',5,5,NULL),(3335,'funcionario_d',5,5,NULL),(3336,'funcionario_d',5,5,NULL),(3337,'funcionario_d',5,5,NULL),(3338,'funcionario_d',5,5,NULL),(3339,'funcionario_d',5,5,NULL),(3340,'funcionario_d',5,5,NULL),(3341,'funcionario_d',5,5,NULL),(3342,'funcionario_d',5,5,NULL),(3343,'funcionario_d',5,5,NULL),(3344,'funcionario_d',5,5,NULL),(3345,'funcionario_d',5,5,NULL),(3346,'funcionario_d',5,5,NULL),(3347,'funcionario_d',5,5,NULL),(3348,'funcionario_d',5,5,NULL),(3349,'funcionario_d',5,5,NULL),(3350,'funcionario_d',5,5,NULL),(3351,'funcionario_d',5,5,NULL),(3352,'funcionario_d',5,5,NULL),(3353,'funcionario_d',5,5,NULL),(3354,'funcionario_d',5,5,NULL),(3355,'funcionario_d',5,5,NULL),(3356,'funcionario_d',5,5,NULL),(3357,'funcionario_d',5,5,NULL),(3358,'funcionario_d',5,5,NULL),(3359,'funcionario_d',5,5,NULL),(3360,'funcionario_d',5,5,NULL),(3361,'funcionario_d',5,5,NULL),(3362,'funcionario_d',5,5,NULL),(3363,'funcionario_d',5,5,NULL),(3364,'funcionario_d',5,5,NULL),(3365,'funcionario_d',5,5,NULL),(3366,'funcionario_d',5,5,NULL),(3367,'funcionario_d',5,5,NULL),(3368,'funcionario_d',5,5,NULL),(3369,'funcionario_d',5,5,NULL),(3370,'funcionario_d',5,5,NULL),(3371,'funcionario_d',5,5,NULL),(3372,'funcionario_d',5,5,NULL),(3373,'funcionario_d',5,5,NULL),(3374,'funcionario_d',5,5,NULL),(3375,'funcionario_d',5,5,NULL),(3376,'funcionario_d',5,5,NULL),(3377,'funcionario_d',5,5,NULL),(3378,'funcionario_d',5,5,NULL),(3379,'funcionario_d',5,5,NULL),(3380,'funcionario_d',5,5,NULL),(3381,'funcionario_d',5,5,NULL),(3382,'funcionario_d',5,5,NULL),(3383,'funcionario_d',5,5,NULL),(3384,'funcionario_d',5,5,NULL),(3385,'funcionario_d',5,5,NULL),(3386,'funcionario_d',5,5,NULL),(3387,'funcionario_d',5,5,NULL),(3388,'funcionario_d',5,5,NULL),(3389,'funcionario_d',5,5,NULL),(3390,'funcionario_d',5,5,NULL),(3391,'funcionario_d',5,5,NULL),(3392,'funcionario_d',5,5,NULL),(3393,'funcionario_d',5,5,NULL),(3394,'funcionario_d',5,5,NULL),(3395,'funcionario_d',5,5,NULL),(3396,'funcionario_d',5,5,NULL),(3397,'funcionario_d',5,5,NULL),(3398,'funcionario_d',5,5,NULL),(3399,'funcionario_d',5,5,NULL),(3400,'funcionario_d',5,5,NULL),(3401,'funcionario_d',5,5,NULL),(3402,'funcionario_d',5,5,NULL),(3403,'funcionario_d',5,5,NULL),(3404,'funcionario_d',5,5,NULL),(3405,'funcionario_d',5,5,NULL),(3406,'funcionario_d',5,5,NULL),(3407,'funcionario_d',5,5,NULL),(3408,'funcionario_d',5,5,NULL),(3409,'funcionario_d',5,5,NULL),(3410,'funcionario_d',5,5,NULL),(3411,'funcionario_d',5,5,NULL),(3412,'funcionario_d',5,5,NULL),(3413,'funcionario_d',5,5,NULL),(3414,'funcionario_d',5,5,NULL),(3415,'funcionario_d',5,5,NULL),(3416,'funcionario_d',5,5,NULL),(3417,'funcionario_d',5,5,NULL),(3418,'funcionario_d',5,5,NULL),(3419,'funcionario_d',5,5,NULL),(3420,'funcionario_d',5,5,NULL),(3421,'funcionario_d',5,5,NULL),(3422,'funcionario_d',5,5,NULL),(3423,'funcionario_d',5,5,NULL),(3424,'funcionario_d',5,5,NULL),(3425,'funcionario_d',5,5,NULL),(3426,'funcionario_d',5,5,NULL),(3427,'funcionario_d',5,5,NULL),(3428,'funcionario_d',5,5,NULL),(3429,'funcionario_d',5,5,NULL),(3430,'funcionario_d',5,5,NULL),(3431,'funcionario_d',5,5,NULL),(3432,'funcionario_d',5,5,NULL),(3433,'funcionario_d',5,5,NULL),(3434,'funcionario_d',5,5,NULL),(3435,'funcionario_d',5,5,NULL),(3436,'funcionario_d',5,5,NULL),(3437,'funcionario_d',5,5,NULL),(3438,'funcionario_d',5,5,NULL),(3439,'funcionario_d',5,5,NULL),(3440,'funcionario_d',5,5,NULL),(3441,'funcionario_d',5,5,NULL),(3442,'funcionario_d',5,5,NULL),(3443,'funcionario_d',5,5,NULL),(3444,'funcionario_d',5,5,NULL),(3445,'funcionario_d',5,5,NULL),(3446,'funcionario_d',5,5,NULL),(3447,'funcionario_d',5,5,NULL),(3448,'funcionario_d',5,5,NULL),(3449,'funcionario_d',5,5,NULL),(3450,'funcionario_d',5,5,NULL);
/*!40000 ALTER TABLE `funcionario` ENABLE KEYS */;
UNLOCK TABLES;

--
-- Table structure for table `grauProfessor`
--

DROP TABLE IF EXISTS `grauProfessor`;
/*!40101 SET @saved_cs_client     = @@character_set_client */;
/*!50503 SET character_set_client = utf8mb4 */;
CREATE TABLE `grauProfessor` (
  `id` int NOT NULL AUTO_INCREMENT,
  `graduacao` varchar(30) DEFAULT NULL,
  PRIMARY KEY (`id`)
) ENGINE=InnoDB AUTO_INCREMENT=6 DEFAULT CHARSET=utf8mb4 COLLATE=utf8mb4_0900_ai_ci;
/*!40101 SET character_set_client = @saved_cs_client */;

--
-- Dumping data for table `grauProfessor`
--

LOCK TABLES `grauProfessor` WRITE;
/*!40000 ALTER TABLE `grauProfessor` DISABLE KEYS */;
INSERT INTO `grauProfessor` VALUES (1,'Licenciatura'),(2,'Especialização'),(3,'Mestrado'),(4,'Doutorado'),(5,'Pós-doutorado');
/*!40000 ALTER TABLE `grauProfessor` ENABLE KEYS */;
UNLOCK TABLES;

--
-- Table structure for table `list_cursoCampus`
--

DROP TABLE IF EXISTS `list_cursoCampus`;
/*!40101 SET @saved_cs_client     = @@character_set_client */;
/*!50503 SET character_set_client = utf8mb4 */;
CREATE TABLE `list_cursoCampus` (
  `id` int NOT NULL AUTO_INCREMENT,
  `id_campus` int DEFAULT NULL,
  `id_curso` int DEFAULT NULL,
  PRIMARY KEY (`id`),
  KEY `id_campus` (`id_campus`),
  KEY `id_curso` (`id_curso`),
  CONSTRAINT `list_cursoCampus_ibfk_1` FOREIGN KEY (`id_campus`) REFERENCES `campus` (`id`),
  CONSTRAINT `list_cursoCampus_ibfk_2` FOREIGN KEY (`id_curso`) REFERENCES `curso` (`id`)
) ENGINE=InnoDB AUTO_INCREMENT=230 DEFAULT CHARSET=utf8mb4 COLLATE=utf8mb4_0900_ai_ci;
/*!40101 SET character_set_client = @saved_cs_client */;

--
-- Dumping data for table `list_cursoCampus`
--

LOCK TABLES `list_cursoCampus` WRITE;
/*!40000 ALTER TABLE `list_cursoCampus` DISABLE KEYS */;
INSERT INTO `list_cursoCampus` VALUES (1,1,1),(2,244,5),(3,244,5),(4,244,5),(5,244,5),(6,244,5),(7,244,5),(8,244,5),(9,244,5),(10,244,5),(11,244,5),(12,244,5),(13,244,5),(14,244,5),(15,244,5),(16,244,5),(17,244,5),(18,244,5),(19,244,5),(20,244,5),(21,244,5),(22,244,5),(23,244,5),(24,244,5),(25,244,5),(26,244,5),(27,244,5),(28,244,5),(29,244,5),(30,244,5),(31,244,5),(32,244,5),(33,244,5),(34,244,5),(35,244,5),(36,244,5),(37,244,5),(38,244,5),(39,473,6),(40,1,1),(41,470,6),(42,440,5),(43,430,4),(44,422,5),(45,413,1),(46,323,1),(47,397,2),(48,284,2),(49,143,2),(50,100,1),(51,24,1),(52,4,4),(53,44,4),(54,74,4),(55,92,5),(56,11,5),(57,2,6),(58,60,6),(59,30,6),(60,106,6),(61,119,5),(62,153,5),(63,192,5),(64,159,5),(65,123,6),(66,234,6),(67,425,2),(68,232,2),(69,138,1),(70,274,1),(71,297,1),(72,229,5),(73,395,5),(74,305,5),(75,209,5),(76,357,5),(77,473,6),(78,1,2),(79,470,1),(80,440,6),(81,430,5),(82,422,6),(83,413,2),(84,323,2),(85,397,4),(86,284,4),(87,143,4),(88,100,2),(89,24,2),(90,4,5),(91,44,5),(92,74,5),(93,92,6),(94,11,6),(95,2,1),(96,60,1),(97,30,1),(98,106,1),(99,119,6),(100,153,6),(101,192,6),(102,159,6),(103,123,1),(104,234,1),(105,425,4),(106,232,4),(107,138,2),(108,274,2),(109,297,2),(110,229,6),(111,395,6),(112,305,6),(113,209,1),(114,357,1),(115,473,1),(192,1,4),(193,470,2),(194,440,1),(195,430,6),(196,422,1),(197,413,4),(198,323,4),(199,397,5),(200,284,5),(201,143,5),(202,100,4),(203,24,4),(204,4,6),(205,44,6),(206,74,6),(207,92,1),(208,11,1),(209,2,2),(210,60,2),(211,30,2),(212,106,2),(213,119,1),(214,153,1),(215,192,1),(216,159,1),(217,123,2),(218,234,2),(219,425,5),(220,232,5),(221,138,4),(222,274,4),(223,297,4),(224,229,1),(225,395,1),(226,305,1),(227,209,2),(228,357,2),(229,473,2);
/*!40000 ALTER TABLE `list_cursoCampus` ENABLE KEYS */;
UNLOCK TABLES;

--
-- Table structure for table `list_cursoSDA`
--

DROP TABLE IF EXISTS `list_cursoSDA`;
/*!40101 SET @saved_cs_client     = @@character_set_client */;
/*!50503 SET character_set_client = utf8mb4 */;
CREATE TABLE `list_cursoSDA` (
  `id` int NOT NULL AUTO_INCREMENT,
  `id_curso` int DEFAULT NULL,
  `id_salaDeAula` int DEFAULT NULL,
  PRIMARY KEY (`id`),
  KEY `id_curso` (`id_curso`),
  KEY `fk_id_salaDeAula2` (`id_salaDeAula`),
  CONSTRAINT `fk_id_salaDeAula2` FOREIGN KEY (`id_salaDeAula`) REFERENCES `list_salaDeAula` (`id`),
  CONSTRAINT `list_cursoSDA_ibfk_2` FOREIGN KEY (`id_curso`) REFERENCES `curso` (`id`)
) ENGINE=InnoDB AUTO_INCREMENT=103 DEFAULT CHARSET=utf8mb4 COLLATE=utf8mb4_0900_ai_ci;
/*!40101 SET character_set_client = @saved_cs_client */;

--
-- Dumping data for table `list_cursoSDA`
--

LOCK TABLES `list_cursoSDA` WRITE;
/*!40000 ALTER TABLE `list_cursoSDA` DISABLE KEYS */;
INSERT INTO `list_cursoSDA` VALUES (77,1,82),(78,1,83),(79,1,84),(80,1,85),(81,2,86),(82,2,87),(83,2,88),(84,2,89),(85,2,90),(86,4,91),(87,4,92),(88,4,93),(89,4,94),(90,5,95),(91,5,96),(92,5,97),(93,5,98),(94,5,99),(95,4,100),(96,4,101),(97,6,102),(98,6,103),(99,6,104),(100,6,105),(101,1,106),(102,1,107);
/*!40000 ALTER TABLE `list_cursoSDA` ENABLE KEYS */;
UNLOCK TABLES;

--
-- Table structure for table `list_salaDeAula`
--

DROP TABLE IF EXISTS `list_salaDeAula`;
/*!40101 SET @saved_cs_client     = @@character_set_client */;
/*!50503 SET character_set_client = utf8mb4 */;
CREATE TABLE `list_salaDeAula` (
  `id` int NOT NULL AUTO_INCREMENT,
  `frequencia_aluno` varchar(1) DEFAULT NULL,
  `nota` int DEFAULT NULL,
  `id_periodo` int DEFAULT NULL,
  `id_aluno` int DEFAULT NULL,
  `id_disciplina` int DEFAULT NULL,
  `id_professor` int DEFAULT NULL,
  PRIMARY KEY (`id`),
  KEY `id_periodo` (`id_periodo`),
  KEY `id_aluno` (`id_aluno`),
  KEY `id_disciplina` (`id_disciplina`),
  KEY `id_professor` (`id_professor`),
  CONSTRAINT `list_salaDeAula_ibfk_1` FOREIGN KEY (`id_periodo`) REFERENCES `periodo` (`id`),
  CONSTRAINT `list_salaDeAula_ibfk_2` FOREIGN KEY (`id_aluno`) REFERENCES `aluno` (`id`),
  CONSTRAINT `list_salaDeAula_ibfk_3` FOREIGN KEY (`id_disciplina`) REFERENCES `disciplina` (`id`),
  CONSTRAINT `list_salaDeAula_ibfk_4` FOREIGN KEY (`id_professor`) REFERENCES `professor` (`id`)
) ENGINE=InnoDB AUTO_INCREMENT=108 DEFAULT CHARSET=utf8mb4 COLLATE=utf8mb4_0900_ai_ci;
/*!40101 SET character_set_client = @saved_cs_client */;

--
-- Dumping data for table `list_salaDeAula`
--

LOCK TABLES `list_salaDeAula` WRITE;
/*!40000 ALTER TABLE `list_salaDeAula` DISABLE KEYS */;
INSERT INTO `list_salaDeAula` VALUES (82,NULL,NULL,1,1,113,2),(83,NULL,NULL,1,3,113,2),(84,NULL,NULL,2,4,114,1),(85,NULL,NULL,1,5,113,2),(86,NULL,NULL,2,6,114,1),(87,NULL,NULL,1,7,113,2),(88,NULL,NULL,2,8,114,1),(89,NULL,NULL,1,9,113,2),(90,NULL,NULL,2,10,114,1),(91,NULL,NULL,1,11,113,2),(92,NULL,NULL,2,12,114,1),(93,NULL,NULL,1,13,113,2),(94,NULL,NULL,2,14,114,1),(95,NULL,NULL,1,15,113,2),(96,NULL,NULL,2,16,114,1),(97,NULL,NULL,1,17,113,2),(98,NULL,NULL,2,18,114,1),(99,NULL,NULL,6,19,115,4),(100,NULL,NULL,6,20,115,4),(101,NULL,NULL,6,21,115,4),(102,NULL,NULL,3,22,116,3),(103,NULL,NULL,3,23,116,3),(104,NULL,NULL,3,24,116,3),(105,NULL,NULL,3,25,116,3),(106,NULL,NULL,3,26,116,3),(107,NULL,NULL,6,27,140,4);
/*!40000 ALTER TABLE `list_salaDeAula` ENABLE KEYS */;
UNLOCK TABLES;

--
-- Table structure for table `list_turmaSDA`
--

DROP TABLE IF EXISTS `list_turmaSDA`;
/*!40101 SET @saved_cs_client     = @@character_set_client */;
/*!50503 SET character_set_client = utf8mb4 */;
CREATE TABLE `list_turmaSDA` (
  `id` int NOT NULL AUTO_INCREMENT,
  `id_turma` int NOT NULL,
  `id_salaDeAula` int DEFAULT NULL,
  PRIMARY KEY (`id`),
  KEY `id_turma` (`id_turma`),
  KEY `fk_id_salaDeAula` (`id_salaDeAula`),
  CONSTRAINT `fk_id_salaDeAula` FOREIGN KEY (`id_salaDeAula`) REFERENCES `list_salaDeAula` (`id`),
  CONSTRAINT `list_turmaSDA_ibfk_2` FOREIGN KEY (`id_turma`) REFERENCES `turma` (`id`)
) ENGINE=InnoDB AUTO_INCREMENT=79 DEFAULT CHARSET=utf8mb4 COLLATE=utf8mb4_0900_ai_ci;
/*!40101 SET character_set_client = @saved_cs_client */;

--
-- Dumping data for table `list_turmaSDA`
--

LOCK TABLES `list_turmaSDA` WRITE;
/*!40000 ALTER TABLE `list_turmaSDA` DISABLE KEYS */;
INSERT INTO `list_turmaSDA` VALUES (53,1,82),(54,2,83),(55,3,84),(56,4,85),(57,5,86),(58,6,87),(59,7,88),(60,7,89),(61,9,90),(62,10,91),(63,11,92),(64,12,93),(65,13,94),(66,14,95),(67,15,96),(68,16,97),(69,1,98),(70,2,99),(71,3,100),(72,4,101),(73,5,102),(74,6,103),(75,7,104),(76,9,105),(77,9,106),(78,10,107);
/*!40000 ALTER TABLE `list_turmaSDA` ENABLE KEYS */;
UNLOCK TABLES;

--
-- Temporary view structure for view `nomeCampus`
--

DROP TABLE IF EXISTS `nomeCampus`;
/*!50001 DROP VIEW IF EXISTS `nomeCampus`*/;
SET @saved_cs_client     = @@character_set_client;
/*!50503 SET character_set_client = utf8mb4 */;
/*!50001 CREATE VIEW `nomeCampus` AS SELECT 
 1 AS `nome_campus`,
 1 AS `cidade`,
 1 AS `nome_curso`*/;
SET character_set_client = @saved_cs_client;

--
-- Temporary view structure for view `nome_turma_identificacao`
--

DROP TABLE IF EXISTS `nome_turma_identificacao`;
/*!50001 DROP VIEW IF EXISTS `nome_turma_identificacao`*/;
SET @saved_cs_client     = @@character_set_client;
/*!50503 SET character_set_client = utf8mb4 */;
/*!50001 CREATE VIEW `nome_turma_identificacao` AS SELECT 
 1 AS `nome_pessoa`,
 1 AS `nome_turma`,
 1 AS `TIPO`*/;
SET character_set_client = @saved_cs_client;

--
-- Table structure for table `periodo`
--

DROP TABLE IF EXISTS `periodo`;
/*!40101 SET @saved_cs_client     = @@character_set_client */;
/*!50503 SET character_set_client = utf8mb4 */;
CREATE TABLE `periodo` (
  `id` int NOT NULL AUTO_INCREMENT,
  `descricao` varchar(30) DEFAULT NULL,
  `dt_inicio` date NOT NULL,
  `dt_fim` date NOT NULL,
  PRIMARY KEY (`id`)
) ENGINE=InnoDB AUTO_INCREMENT=7 DEFAULT CHARSET=utf8mb4 COLLATE=utf8mb4_0900_ai_ci;
/*!40101 SET character_set_client = @saved_cs_client */;

--
-- Dumping data for table `periodo`
--

LOCK TABLES `periodo` WRITE;
/*!40000 ALTER TABLE `periodo` DISABLE KEYS */;
INSERT INTO `periodo` VALUES (1,'Primeiro semestre','2020-02-01','2020-06-15'),(2,'Segundo semestre','2020-07-01','2020-12-15'),(3,'Primeiro semestre','2021-02-01','2020-06-15'),(4,'Segundo semestre','2021-07-01','2020-12-15'),(5,'Primeiro semestre','2022-02-01','2020-06-15'),(6,'Segundo semestre','2022-07-01','2020-12-15');
/*!40000 ALTER TABLE `periodo` ENABLE KEYS */;
UNLOCK TABLES;

--
-- Table structure for table `professor`
--

DROP TABLE IF EXISTS `professor`;
/*!40101 SET @saved_cs_client     = @@character_set_client */;
/*!50503 SET character_set_client = utf8mb4 */;
CREATE TABLE `professor` (
  `id` int NOT NULL AUTO_INCREMENT,
  `nome_professor` varchar(30) NOT NULL,
  `id_email` int DEFAULT NULL,
  `id_telefone` int DEFAULT NULL,
  `id_grauP` int DEFAULT NULL,
  `cpf` varchar(30) DEFAULT NULL,
  `dt_nascimento` date DEFAULT NULL,
  `created_at` datetime DEFAULT NULL,
  PRIMARY KEY (`id`),
  KEY `fk_id_email2` (`id_email`),
  KEY `fk_id_telefone2` (`id_telefone`),
  KEY `fk_id_grauP` (`id_grauP`),
  CONSTRAINT `fk_id_email2` FOREIGN KEY (`id_email`) REFERENCES `email` (`id`),
  CONSTRAINT `fk_id_grauP` FOREIGN KEY (`id_grauP`) REFERENCES `grauProfessor` (`id`),
  CONSTRAINT `fk_id_telefone2` FOREIGN KEY (`id_telefone`) REFERENCES `telefone` (`id`)
) ENGINE=InnoDB AUTO_INCREMENT=12 DEFAULT CHARSET=utf8mb4 COLLATE=utf8mb4_0900_ai_ci;
/*!40101 SET character_set_client = @saved_cs_client */;

--
-- Dumping data for table `professor`
--

LOCK TABLES `professor` WRITE;
/*!40000 ALTER TABLE `professor` DISABLE KEYS */;
INSERT INTO `professor` VALUES (1,'Seu Madruga',NULL,NULL,NULL,NULL,NULL,NULL),(2,'Kakashi',NULL,NULL,NULL,NULL,NULL,NULL),(3,'Lara Croft',NULL,NULL,NULL,NULL,NULL,NULL),(4,'Michael Jackson',NULL,NULL,NULL,NULL,NULL,NULL),(5,'Mestre Yoda',NULL,NULL,NULL,NULL,NULL,NULL),(6,'Mestre Splinter',NULL,NULL,NULL,NULL,NULL,NULL),(7,'Professor Utonium',NULL,NULL,NULL,NULL,NULL,NULL),(8,'Vovó Juju',NULL,NULL,NULL,NULL,NULL,NULL),(9,'Indiana Jones',NULL,NULL,NULL,NULL,NULL,NULL),(10,'Albus Dumbledore',NULL,NULL,NULL,NULL,NULL,NULL),(11,'Jesse James',5,3,5,'12666660650','1847-09-05','2024-05-20 14:32:09');
/*!40000 ALTER TABLE `professor` ENABLE KEYS */;
UNLOCK TABLES;
/*!50003 SET @saved_cs_client      = @@character_set_client */ ;
/*!50003 SET @saved_cs_results     = @@character_set_results */ ;
/*!50003 SET @saved_col_connection = @@collation_connection */ ;
/*!50003 SET character_set_client  = utf8mb4 */ ;
/*!50003 SET character_set_results = utf8mb4 */ ;
/*!50003 SET collation_connection  = utf8mb4_0900_ai_ci */ ;
/*!50003 SET @saved_sql_mode       = @@sql_mode */ ;
/*!50003 SET sql_mode              = 'ONLY_FULL_GROUP_BY,STRICT_TRANS_TABLES,NO_ZERO_IN_DATE,NO_ZERO_DATE,ERROR_FOR_DIVISION_BY_ZERO,NO_ENGINE_SUBSTITUTION' */ ;
DELIMITER ;;
/*!50003 CREATE*/ /*!50017 DEFINER=`estagiario`@`%`*/ /*!50003 TRIGGER `after_professor_insert` BEFORE INSERT ON `professor` FOR EACH ROW BEGIN
	SET NEW.created_at = NOW();
END */;;
DELIMITER ;
/*!50003 SET sql_mode              = @saved_sql_mode */ ;
/*!50003 SET character_set_client  = @saved_cs_client */ ;
/*!50003 SET character_set_results = @saved_cs_results */ ;
/*!50003 SET collation_connection  = @saved_col_connection */ ;

--
-- Table structure for table `salario`
--

DROP TABLE IF EXISTS `salario`;
/*!40101 SET @saved_cs_client     = @@character_set_client */;
/*!50503 SET character_set_client = utf8mb4 */;
CREATE TABLE `salario` (
  `id` int NOT NULL AUTO_INCREMENT,
  `salario` varchar(30) DEFAULT NULL,
  `mes_referencia` date NOT NULL,
  `ano_referencia` date NOT NULL,
  PRIMARY KEY (`id`)
) ENGINE=InnoDB AUTO_INCREMENT=6 DEFAULT CHARSET=utf8mb4 COLLATE=utf8mb4_0900_ai_ci;
/*!40101 SET character_set_client = @saved_cs_client */;

--
-- Dumping data for table `salario`
--

LOCK TABLES `salario` WRITE;
/*!40000 ALTER TABLE `salario` DISABLE KEYS */;
INSERT INTO `salario` VALUES (1,'1200','2024-10-13','2020-05-13'),(2,'1600','2024-05-13','2021-05-13'),(3,'4200','2024-11-13','2022-05-13'),(4,'8600','2024-12-13','2023-05-13'),(5,'12000','2024-03-13','2024-05-13');
/*!40000 ALTER TABLE `salario` ENABLE KEYS */;
UNLOCK TABLES;

--
-- Table structure for table `telefone`
--

DROP TABLE IF EXISTS `telefone`;
/*!40101 SET @saved_cs_client     = @@character_set_client */;
/*!50503 SET character_set_client = utf8mb4 */;
CREATE TABLE `telefone` (
  `id` int NOT NULL AUTO_INCREMENT,
  `numero` varchar(15) NOT NULL,
  PRIMARY KEY (`id`)
) ENGINE=InnoDB AUTO_INCREMENT=41 DEFAULT CHARSET=utf8mb4 COLLATE=utf8mb4_0900_ai_ci;
/*!40101 SET character_set_client = @saved_cs_client */;

--
-- Dumping data for table `telefone`
--

LOCK TABLES `telefone` WRITE;
/*!40000 ALTER TABLE `telefone` DISABLE KEYS */;
INSERT INTO `telefone` VALUES (1,'99999-9999'),(2,'99999-9998'),(3,'99999-9997'),(4,'99999-9996'),(5,'99999-9995'),(6,'99999-9994'),(7,'99999-9993'),(8,'99999-9992'),(9,'99999-9991'),(10,'99999-9990'),(11,'99999-9989'),(12,'99999-9979'),(13,'99999-9969'),(14,'99999-9959'),(15,'99999-9949'),(16,'99999-9939'),(17,'99999-9929'),(18,'99999-9919'),(19,'99999-9909'),(20,'99999-9899'),(21,'99999-9899'),(22,'99999-9799'),(23,'99999-9699'),(24,'99999-9599'),(25,'99999-9499'),(26,'99999-9399'),(27,'99999-9399'),(28,'99999-9299'),(29,'99999-9199'),(30,'99999-9099'),(31,'99999-8999'),(32,'99999-7999'),(33,'99999-6999'),(34,'99999-5999'),(35,'99999-4999'),(36,'99999-3999'),(37,'99999-3999'),(38,'99999-2999'),(39,'99999-1999'),(40,'99999-0999');
/*!40000 ALTER TABLE `telefone` ENABLE KEYS */;
UNLOCK TABLES;

--
-- Table structure for table `tipo_campus`
--

DROP TABLE IF EXISTS `tipo_campus`;
/*!40101 SET @saved_cs_client     = @@character_set_client */;
/*!50503 SET character_set_client = utf8mb4 */;
CREATE TABLE `tipo_campus` (
  `id` int NOT NULL AUTO_INCREMENT,
  `nome_tipoCampus` varchar(30) DEFAULT NULL,
  PRIMARY KEY (`id`)
) ENGINE=InnoDB AUTO_INCREMENT=5 DEFAULT CHARSET=utf8mb4 COLLATE=utf8mb4_0900_ai_ci;
/*!40101 SET character_set_client = @saved_cs_client */;

--
-- Dumping data for table `tipo_campus`
--

LOCK TABLES `tipo_campus` WRITE;
/*!40000 ALTER TABLE `tipo_campus` DISABLE KEYS */;
INSERT INTO `tipo_campus` VALUES (1,'Campus Primário'),(2,'Campus Secundário'),(3,'Campus Terciário'),(4,'Campus Online');
/*!40000 ALTER TABLE `tipo_campus` ENABLE KEYS */;
UNLOCK TABLES;

--
-- Table structure for table `turma`
--

DROP TABLE IF EXISTS `turma`;
/*!40101 SET @saved_cs_client     = @@character_set_client */;
/*!50503 SET character_set_client = utf8mb4 */;
CREATE TABLE `turma` (
  `id` int NOT NULL AUTO_INCREMENT,
  `nome_turma` varchar(2) DEFAULT NULL,
  PRIMARY KEY (`id`)
) ENGINE=InnoDB AUTO_INCREMENT=17 DEFAULT CHARSET=utf8mb4 COLLATE=utf8mb4_0900_ai_ci;
/*!40101 SET character_set_client = @saved_cs_client */;

--
-- Dumping data for table `turma`
--

LOCK TABLES `turma` WRITE;
/*!40000 ALTER TABLE `turma` DISABLE KEYS */;
INSERT INTO `turma` VALUES (1,'1A'),(2,'2B'),(3,'3C'),(4,'1B'),(5,'1C'),(6,'2A'),(7,'2C'),(9,'3A'),(10,'3B'),(11,'4A'),(12,'4B'),(13,'4C'),(14,'5A'),(15,'5B'),(16,'5C');
/*!40000 ALTER TABLE `turma` ENABLE KEYS */;
UNLOCK TABLES;

--
-- Dumping routines for database 'estagiario_homol'
--

--
-- Final view structure for view `Qtde_cursoJFBrasil`
--

/*!50001 DROP VIEW IF EXISTS `Qtde_cursoJFBrasil`*/;
/*!50001 SET @saved_cs_client          = @@character_set_client */;
/*!50001 SET @saved_cs_results         = @@character_set_results */;
/*!50001 SET @saved_col_connection     = @@collation_connection */;
/*!50001 SET character_set_client      = utf8mb4 */;
/*!50001 SET character_set_results     = utf8mb4 */;
/*!50001 SET collation_connection      = utf8mb4_0900_ai_ci */;
/*!50001 CREATE ALGORITHM=UNDEFINED */
/*!50013 DEFINER=`estagiario`@`%` SQL SECURITY DEFINER */
/*!50001 VIEW `Qtde_cursoJFBrasil` AS select 'Brasil' AS `Brasil`,sum(`curso_cidades`.`numero_de_cursos`) AS `soma_cursos` from (select `c`.`cidade` AS `cidade`,count(`c2`.`nome_curso`) AS `numero_de_cursos` from (`campus` `c` left join `curso` `c2` on((`c`.`id_curso` = `c2`.`id`))) where (`c2`.`id` = 4) group by `c`.`cidade`) `curso_cidades` group by 'Brasil' */;
/*!50001 SET character_set_client      = @saved_cs_client */;
/*!50001 SET character_set_results     = @saved_cs_results */;
/*!50001 SET collation_connection      = @saved_col_connection */;

--
-- Final view structure for view `Qtde_cursoJFPorCidade`
--

/*!50001 DROP VIEW IF EXISTS `Qtde_cursoJFPorCidade`*/;
/*!50001 SET @saved_cs_client          = @@character_set_client */;
/*!50001 SET @saved_cs_results         = @@character_set_results */;
/*!50001 SET @saved_col_connection     = @@collation_connection */;
/*!50001 SET character_set_client      = utf8mb4 */;
/*!50001 SET character_set_results     = utf8mb4 */;
/*!50001 SET collation_connection      = utf8mb4_0900_ai_ci */;
/*!50001 CREATE ALGORITHM=UNDEFINED */
/*!50013 DEFINER=`estagiario`@`%` SQL SECURITY DEFINER */
/*!50001 VIEW `Qtde_cursoJFPorCidade` AS select `c`.`cidade` AS `cidade`,count(`c2`.`nome_curso`) AS `numero_de_cursos` from (`campus` `c` left join `curso` `c2` on((`c`.`id_curso` = `c2`.`id`))) where (`c2`.`id` = 4) group by `c`.`cidade` */;
/*!50001 SET character_set_client      = @saved_cs_client */;
/*!50001 SET character_set_results     = @saved_cs_results */;
/*!50001 SET collation_connection      = @saved_col_connection */;

--
-- Final view structure for view `aluno2000`
--

/*!50001 DROP VIEW IF EXISTS `aluno2000`*/;
/*!50001 SET @saved_cs_client          = @@character_set_client */;
/*!50001 SET @saved_cs_results         = @@character_set_results */;
/*!50001 SET @saved_col_connection     = @@collation_connection */;
/*!50001 SET character_set_client      = utf8mb4 */;
/*!50001 SET character_set_results     = utf8mb4 */;
/*!50001 SET collation_connection      = utf8mb4_0900_ai_ci */;
/*!50001 CREATE ALGORITHM=UNDEFINED */
/*!50013 DEFINER=`estagiario`@`%` SQL SECURITY DEFINER */
/*!50001 VIEW `aluno2000` AS select `a`.`nome_aluno` AS `nome_aluno`,`a`.`dt_nascimento` AS `dt_nascimento` from `aluno` `a` where (`a`.`dt_nascimento` > '2000-01-01') */;
/*!50001 SET character_set_client      = @saved_cs_client */;
/*!50001 SET character_set_results     = @saved_cs_results */;
/*!50001 SET collation_connection      = @saved_col_connection */;

--
-- Final view structure for view `alunos_cursando`
--

/*!50001 DROP VIEW IF EXISTS `alunos_cursando`*/;
/*!50001 SET @saved_cs_client          = @@character_set_client */;
/*!50001 SET @saved_cs_results         = @@character_set_results */;
/*!50001 SET @saved_col_connection     = @@collation_connection */;
/*!50001 SET character_set_client      = utf8mb4 */;
/*!50001 SET character_set_results     = utf8mb4 */;
/*!50001 SET collation_connection      = utf8mb4_0900_ai_ci */;
/*!50001 CREATE ALGORITHM=UNDEFINED */
/*!50013 DEFINER=`estagiario`@`%` SQL SECURITY DEFINER */
/*!50001 VIEW `alunos_cursando` AS select `c`.`nome_curso` AS `nome_curso`,count(`a`.`nome_aluno`) AS `total_de_alunos` from (((`curso` `c` join `list_cursoSDA` `lcs` on((`lcs`.`id_curso` = `c`.`id`))) join `list_salaDeAula` `lsda` on((`lsda`.`id` = `lcs`.`id_salaDeAula`))) join `aluno` `a` on((`a`.`id` = `lsda`.`id_aluno`))) where (upper(`c`.`nome_curso`) in ('TIKTOKER','MECÂNICO DE UBER')) group by `c`.`nome_curso` */;
/*!50001 SET character_set_client      = @saved_cs_client */;
/*!50001 SET character_set_results     = @saved_cs_results */;
/*!50001 SET collation_connection      = @saved_col_connection */;

--
-- Final view structure for view `alunos_menosDe50anos`
--

/*!50001 DROP VIEW IF EXISTS `alunos_menosDe50anos`*/;
/*!50001 SET @saved_cs_client          = @@character_set_client */;
/*!50001 SET @saved_cs_results         = @@character_set_results */;
/*!50001 SET @saved_col_connection     = @@collation_connection */;
/*!50001 SET character_set_client      = utf8mb4 */;
/*!50001 SET character_set_results     = utf8mb4 */;
/*!50001 SET collation_connection      = utf8mb4_0900_ai_ci */;
/*!50001 CREATE ALGORITHM=UNDEFINED */
/*!50013 DEFINER=`estagiario`@`%` SQL SECURITY DEFINER */
/*!50001 VIEW `alunos_menosDe50anos` AS select `a`.`nome_aluno` AS `nome_aluno`,((year(curdate()) - year(`a`.`dt_nascimento`)) - (right(curdate(),5) < right(`a`.`dt_nascimento`,5))) AS `idade_atual` from `aluno` `a` where ((curdate() - interval 50 year) < `a`.`dt_nascimento`) */;
/*!50001 SET character_set_client      = @saved_cs_client */;
/*!50001 SET character_set_results     = @saved_cs_results */;
/*!50001 SET collation_connection      = @saved_col_connection */;

--
-- Final view structure for view `alunos_sda`
--

/*!50001 DROP VIEW IF EXISTS `alunos_sda`*/;
/*!50001 SET @saved_cs_client          = @@character_set_client */;
/*!50001 SET @saved_cs_results         = @@character_set_results */;
/*!50001 SET @saved_col_connection     = @@collation_connection */;
/*!50001 SET character_set_client      = utf8mb4 */;
/*!50001 SET character_set_results     = utf8mb4 */;
/*!50001 SET collation_connection      = utf8mb4_0900_ai_ci */;
/*!50001 CREATE ALGORITHM=UNDEFINED */
/*!50013 DEFINER=`estagiario`@`%` SQL SECURITY DEFINER */
/*!50001 VIEW `alunos_sda` AS select `a`.`nome_aluno` AS `nome_aluno`,concat(right(trim(`c3`.`cidade`),2),`c3`.`id`) AS `nome_campus`,`c2`.`nome_curso` AS `nome_curso`,`d`.`nome_disciplina` AS `nome_disciplina`,`lsda`.`id` AS `id`,`p`.`nome_professor` AS `nome_professor` from ((((((`aluno` `a` join `list_salaDeAula` `lsda` on((`a`.`id` = `lsda`.`id_aluno`))) join `disciplina` `d` on((`lsda`.`id_disciplina` = `d`.`id`))) join `professor` `p` on((`lsda`.`id_professor` = `p`.`id`))) join `list_cursoSDA` `lcs` on((`lsda`.`id` = `lcs`.`id_salaDeAula`))) join `curso` `c2` on((`lcs`.`id_curso` = `c2`.`id`))) join `campus` `c3` on((`c2`.`id` = `c3`.`id_curso`))) */;
/*!50001 SET character_set_client      = @saved_cs_client */;
/*!50001 SET character_set_results     = @saved_cs_results */;
/*!50001 SET collation_connection      = @saved_col_connection */;

--
-- Final view structure for view `cidades_jogador_m5`
--

/*!50001 DROP VIEW IF EXISTS `cidades_jogador_m5`*/;
/*!50001 SET @saved_cs_client          = @@character_set_client */;
/*!50001 SET @saved_cs_results         = @@character_set_results */;
/*!50001 SET @saved_col_connection     = @@collation_connection */;
/*!50001 SET character_set_client      = utf8mb4 */;
/*!50001 SET character_set_results     = utf8mb4 */;
/*!50001 SET collation_connection      = utf8mb4_0900_ai_ci */;
/*!50001 CREATE ALGORITHM=UNDEFINED */
/*!50013 DEFINER=`estagiario`@`%` SQL SECURITY DEFINER */
/*!50001 VIEW `cidades_jogador_m5` AS select `c`.`cidade` AS `cidade`,count(`c2`.`nome_curso`) AS `numero_de_cursos` from (`campus` `c` left join `curso` `c2` on((`c`.`id_curso` = `c2`.`id`))) where (`c2`.`id` = 4) group by `c`.`cidade` having (`numero_de_cursos` < 5) */;
/*!50001 SET character_set_client      = @saved_cs_client */;
/*!50001 SET character_set_results     = @saved_cs_results */;
/*!50001 SET collation_connection      = @saved_col_connection */;

--
-- Final view structure for view `contagem_FeM`
--

/*!50001 DROP VIEW IF EXISTS `contagem_FeM`*/;
/*!50001 SET @saved_cs_client          = @@character_set_client */;
/*!50001 SET @saved_cs_results         = @@character_set_results */;
/*!50001 SET @saved_col_connection     = @@collation_connection */;
/*!50001 SET character_set_client      = utf8mb4 */;
/*!50001 SET character_set_results     = utf8mb4 */;
/*!50001 SET collation_connection      = utf8mb4_0900_ai_ci */;
/*!50001 CREATE ALGORITHM=UNDEFINED */
/*!50013 DEFINER=`estagiario`@`%` SQL SECURITY DEFINER */
/*!50001 VIEW `contagem_FeM` AS select count((case when (`a`.`sexo` = 'M') then `a`.`sexo` end)) AS `numero_de_homens`,count((case when (`a`.`sexo` = 'F') then `a`.`sexo` end)) AS `numero_de_mulheres` from `aluno` `a` */;
/*!50001 SET character_set_client      = @saved_cs_client */;
/*!50001 SET character_set_results     = @saved_cs_results */;
/*!50001 SET collation_connection      = @saved_col_connection */;

--
-- Final view structure for view `dspl_menor_120h`
--

/*!50001 DROP VIEW IF EXISTS `dspl_menor_120h`*/;
/*!50001 SET @saved_cs_client          = @@character_set_client */;
/*!50001 SET @saved_cs_results         = @@character_set_results */;
/*!50001 SET @saved_col_connection     = @@collation_connection */;
/*!50001 SET character_set_client      = utf8mb4 */;
/*!50001 SET character_set_results     = utf8mb4 */;
/*!50001 SET collation_connection      = utf8mb4_0900_ai_ci */;
/*!50001 CREATE ALGORITHM=UNDEFINED */
/*!50013 DEFINER=`estagiario`@`%` SQL SECURITY DEFINER */
/*!50001 VIEW `dspl_menor_120h` AS select `d`.`nome_disciplina` AS `nome_disciplina`,`d`.`horas` AS `carga_horaria` from `disciplina` `d` where ((`d`.`nome_disciplina` like '%logia') and (`d`.`horas` < 120)) */;
/*!50001 SET character_set_client      = @saved_cs_client */;
/*!50001 SET character_set_results     = @saved_cs_results */;
/*!50001 SET collation_connection      = @saved_col_connection */;

--
-- Final view structure for view `folha_salarial_UFMG`
--

/*!50001 DROP VIEW IF EXISTS `folha_salarial_UFMG`*/;
/*!50001 SET @saved_cs_client          = @@character_set_client */;
/*!50001 SET @saved_cs_results         = @@character_set_results */;
/*!50001 SET @saved_col_connection     = @@collation_connection */;
/*!50001 SET character_set_client      = utf8mb4 */;
/*!50001 SET character_set_results     = utf8mb4 */;
/*!50001 SET collation_connection      = utf8mb4_0900_ai_ci */;
/*!50001 CREATE ALGORITHM=UNDEFINED */
/*!50013 DEFINER=`estagiario`@`%` SQL SECURITY DEFINER */
/*!50001 VIEW `folha_salarial_UFMG` AS select `f`.`nome_faculdade` AS `nome_campus`,sum(`s`.`salario`) AS `folha_salarial_campus` from (((`faculdade` `f` join `campus` `c` on((`c`.`id_faculdade` = `f`.`id`))) join `funcionario` `f2` on((`f2`.`id_campus` = `c`.`id`))) join `salario` `s` on((`s`.`id` = `f2`.`id_salario`))) group by `f`.`nome_faculdade` */;
/*!50001 SET character_set_client      = @saved_cs_client */;
/*!50001 SET character_set_results     = @saved_cs_results */;
/*!50001 SET collation_connection      = @saved_col_connection */;

--
-- Final view structure for view `nomeCampus`
--

/*!50001 DROP VIEW IF EXISTS `nomeCampus`*/;
/*!50001 SET @saved_cs_client          = @@character_set_client */;
/*!50001 SET @saved_cs_results         = @@character_set_results */;
/*!50001 SET @saved_col_connection     = @@collation_connection */;
/*!50001 SET character_set_client      = utf8mb4 */;
/*!50001 SET character_set_results     = utf8mb4 */;
/*!50001 SET collation_connection      = utf8mb4_0900_ai_ci */;
/*!50001 CREATE ALGORITHM=UNDEFINED */
/*!50013 DEFINER=`estagiario`@`%` SQL SECURITY DEFINER */
/*!50001 VIEW `nomeCampus` AS select concat(right(trim(`c`.`cidade`),2),`c`.`id`) AS `nome_campus`,`c`.`cidade` AS `cidade`,`c2`.`nome_curso` AS `nome_curso` from (`campus` `c` left join `curso` `c2` on((`c`.`id_curso` = `c2`.`id`))) where (upper(`c2`.`nome_curso`) = 'JOGADOR DE FUTEBOL') */;
/*!50001 SET character_set_client      = @saved_cs_client */;
/*!50001 SET character_set_results     = @saved_cs_results */;
/*!50001 SET collation_connection      = @saved_col_connection */;

--
-- Final view structure for view `nome_turma_identificacao`
--

/*!50001 DROP VIEW IF EXISTS `nome_turma_identificacao`*/;
/*!50001 SET @saved_cs_client          = @@character_set_client */;
/*!50001 SET @saved_cs_results         = @@character_set_results */;
/*!50001 SET @saved_col_connection     = @@collation_connection */;
/*!50001 SET character_set_client      = utf8mb4 */;
/*!50001 SET character_set_results     = utf8mb4 */;
/*!50001 SET collation_connection      = utf8mb4_0900_ai_ci */;
/*!50001 CREATE ALGORITHM=UNDEFINED */
/*!50013 DEFINER=`estagiario`@`%` SQL SECURITY DEFINER */
/*!50001 VIEW `nome_turma_identificacao` AS select `tabela`.`nome_pessoa` AS `nome_pessoa`,`tabela`.`nome_turma` AS `nome_turma`,`tabela`.`TIPO` AS `TIPO` from (select `t`.`nome_turma` AS `nome_turma`,`p`.`nome_professor` AS `nome_pessoa`,'PROFESSOR' AS `TIPO` from (`professor` `p` join (((`turma` `t` join `list_turmaSDA` `lts` on((`t`.`id` = `lts`.`id_turma`))) join `list_salaDeAula` `lsda` on((`lsda`.`id` = `lts`.`id_salaDeAula`))) join `professor` `p2` on((`p2`.`id` = `lsda`.`id_professor`)))) union select `t`.`nome_turma` AS `nome_turma`,`a`.`nome_aluno` AS `nome_pessoa`,'ALUNO' AS `TIPO2` from (`aluno` `a` join (((`turma` `t` join `list_turmaSDA` `lts` on((`t`.`id` = `lts`.`id_turma`))) join `list_salaDeAula` `lsda` on((`lsda`.`id` = `lts`.`id_salaDeAula`))) join `aluno` `a2` on((`a2`.`id` = `lsda`.`id_aluno`))))) `tabela` */;
/*!50001 SET character_set_client      = @saved_cs_client */;
/*!50001 SET character_set_results     = @saved_cs_results */;
/*!50001 SET collation_connection      = @saved_col_connection */;
SET @@SESSION.SQL_LOG_BIN = @MYSQLDUMP_TEMP_LOG_BIN;
/*!40103 SET TIME_ZONE=@OLD_TIME_ZONE */;

/*!40101 SET SQL_MODE=@OLD_SQL_MODE */;
/*!40014 SET FOREIGN_KEY_CHECKS=@OLD_FOREIGN_KEY_CHECKS */;
/*!40014 SET UNIQUE_CHECKS=@OLD_UNIQUE_CHECKS */;
/*!40101 SET CHARACTER_SET_CLIENT=@OLD_CHARACTER_SET_CLIENT */;
/*!40101 SET CHARACTER_SET_RESULTS=@OLD_CHARACTER_SET_RESULTS */;
/*!40101 SET COLLATION_CONNECTION=@OLD_COLLATION_CONNECTION */;
/*!40111 SET SQL_NOTES=@OLD_SQL_NOTES */;

-- Dump completed on 2024-05-20 13:59:29
